-- Adminer 4.7.4 MySQL dump
CREATE DATABASE `PSAFE`;
USE PSAFE;
SET NAMES utf8;
SET time_zone = '+00:00';
SET foreign_key_checks = 0;
SET sql_mode = 'NO_AUTO_VALUE_ON_ZERO';

CREATE TABLE `Classes` (
  `Class_ID` int(11) NOT NULL,
  `Course Code` text NOT NULL,
  `Name` text NOT NULL,
  `Teacher_ID` int(11) DEFAULT NULL,
  `Teacher_ID2` int(11) DEFAULT NULL,
  `Domain_ID` int(11) DEFAULT NULL,
  `Domain_ID2` int(11) DEFAULT NULL,
  `Domain_ID3` int(11) DEFAULT NULL,
  `Num_Students` int(8) DEFAULT NULL,
  PRIMARY KEY (`Class_ID`),
  KEY `Teacher_ID` (`Teacher_ID`),
  KEY `Domain_ID` (`Domain_ID`),
  KEY `Teacher_ID2` (`Teacher_ID2`),
  KEY `Domain_ID2` (`Domain_ID2`),
  KEY `Domain_ID3` (`Domain_ID3`),
  CONSTRAINT `Classes_ibfk_10` FOREIGN KEY (`Teacher_ID`) REFERENCES `Teachers` (`Teacher_ID`),
  CONSTRAINT `Classes_ibfk_11` FOREIGN KEY (`Teacher_ID2`) REFERENCES `Teachers` (`Teacher_ID`),
  CONSTRAINT `Classes_ibfk_7` FOREIGN KEY (`Domain_ID`) REFERENCES `Learning Domains` (`Domain_ID`) ON DELETE SET NULL,
  CONSTRAINT `Classes_ibfk_8` FOREIGN KEY (`Domain_ID2`) REFERENCES `Learning Domains` (`Domain_ID`) ON DELETE SET NULL,
  CONSTRAINT `Classes_ibfk_9` FOREIGN KEY (`Domain_ID3`) REFERENCES `Learning Domains` (`Domain_ID`) ON DELETE SET NULL
) ENGINE=InnoDB DEFAULT CHARSET=latin1;

INSERT INTO `Classes` (`Class_ID`, `Course Code`, `Name`, `Teacher_ID`, `Teacher_ID2`, `Domain_ID`, `Domain_ID2`, `Domain_ID3`, `Num_Students`) VALUES
(1,	'TEMP 001',	'Testing Class',	1,	NULL,	1,	NULL,	NULL,	10),
(26634,	'LBST 150  A1',	'TEC: Epidemics ',	99,	NULL,	43,	NULL,	NULL,	15),
(26635,	'LBST 150  A2',	'TEC: Epidemics ',	165,	NULL,	43,	NULL,	NULL,	14),
(26636,	'LBST 150  B1',	'TEC: Galileo  as Exemplar ',	179,	NULL,	43,	NULL,	NULL,	15),
(26637,	'LBST 150  B2',	'TEC: Galileo  as Exemplar ',	180,	NULL,	43,	NULL,	NULL,	13),
(26638,	'LBST 150  C1',	'TEC: Humans , Data  ',	154,	NULL,	43,	NULL,	NULL,	14),
(26639,	'LBST 150  C2',	'TEC: Humans , Data  ',	175,	NULL,	43,	NULL,	NULL,	14),
(26640,	'LBST 150  D1',	'TEC: French  Existentialism ',	181,	NULL,	43,	NULL,	NULL,	15),
(26641,	'LBST 150  D2',	'TEC: French  Existentialism ',	158,	NULL,	43,	NULL,	NULL,	14),
(26642,	'LBST 150  E1',	'TEC: Film , Memory , Political  Change ',	182,	NULL,	43,	NULL,	NULL,	14),
(26643,	'LBST 150  E2',	'TEC: Film , Memory , Political  Change ',	145,	NULL,	43,	NULL,	NULL,	15),
(26644,	'LBST 150  F1',	'TEC: The  Engaged  Listener ',	106,	NULL,	43,	NULL,	NULL,	15),
(26645,	'LBST 150  F2',	'TEC: The  Engaged  Listener ',	153,	NULL,	43,	NULL,	NULL,	14),
(26646,	'LBST 150  G1',	'TEC: The  Galactic  Citizen ',	135,	NULL,	43,	NULL,	NULL,	14),
(26648,	'LBST 150  G2',	'TEC: The  Galactic  Citizen ',	128,	NULL,	43,	NULL,	NULL,	14),
(26649,	'LBST 150  H1',	'TEC: Animals , People , ',	183,	NULL,	43,	NULL,	NULL,	14),
(26650,	'LBST 150  H2',	'TEC: Animals , People , ',	110,	NULL,	43,	NULL,	NULL,	13),
(26651,	'LBST 150  I1',	'TEC: Ancient  ',	184,	NULL,	43,	NULL,	NULL,	15),
(26652,	'LBST 150  I2',	'TEC: Ancient  ',	130,	NULL,	43,	NULL,	NULL,	13),
(26653,	'LBST 150  J1',	'TEC: Technology  Serving  People ',	185,	NULL,	43,	NULL,	NULL,	14),
(26655,	'LBST 150  J2',	'TEC: Technology  Serving  People ',	137,	NULL,	43,	NULL,	NULL,	14),
(26657,	'HIST 201  01',	'Doing  History ',	163,	NULL,	40,	47,	55,	20),
(26660,	'EVST 497  01',	'Senior  Seminar ',	104,	NULL,	42,	NULL,	NULL,	9),
(26662,	'EVST 110  01',	'Intro  to Environmental  Studies ',	87,	NULL,	43,	NULL,	NULL,	31),
(26664,	'PHYS 235  01',	'General  Physics  I (Workshop )',	127,	NULL,	56,	57,	NULL,	18),
(26665,	'PHYS 235  02',	'General  Physics  I (Workshop )',	125,	NULL,	56,	57,	NULL,	17),
(26666,	'PHYS 235  03',	'General  Physics  I (Workshop )',	125,	NULL,	56,	57,	NULL,	14),
(26667,	'PHYS 305  01',	'Vibrations  and Waves ',	180,	NULL,	46,	57,	NULL,	11),
(26668,	'PHYS 340  01',	'Electronics  (w/Lab )',	127,	NULL,	43,	NULL,	NULL,	14),
(26669,	'PHIL 112  01',	'What  is Beauty ?',	219,	NULL,	47,	NULL,	NULL,	12),
(26670,	'PHYS 430  01',	'Quantum  Mechanics ',	175,	NULL,	43,	NULL,	NULL,	15),
(26671,	'PHYS 450  01',	'Directed  Research ',	126,	NULL,	41,	NULL,	NULL,	1),
(26674,	'PHYS 450  04',	'Directed  Research ',	180,	NULL,	41,	NULL,	NULL,	1),
(26675,	'HIST 140  01',	'Leisure , Work  ',	164,	NULL,	40,	NULL,	NULL,	20),
(26676,	'HIST 150  01',	'Great  Wars , Depression  and Gatsby ',	164,	NULL,	40,	NULL,	NULL,	16),
(26677,	'PHYS 340  L1',	'Electronics  Lab ',	127,	NULL,	43,	NULL,	NULL,	14),
(26679,	'PHIL 200  K1',	'Special  Focus : Mark  Twain ',	220,	NULL,	47,	NULL,	NULL,	19),
(26680,	'HIST 227  01',	'Medicine  ',	165,	NULL,	40,	NULL,	NULL,	19),
(26681,	'HIST 251  01',	'Violence  ',	163,	NULL,	40,	NULL,	NULL,	15),
(26683,	'HIST 256  01',	'The  American  Century , 1945-Present ',	164,	NULL,	40,	NULL,	NULL,	20),
(26686,	'PHYS 245  01',	'General  Physics  II (Workshop )',	127,	NULL,	56,	57,	NULL,	23),
(26687,	'PHYS 245  02',	'General  Physics  II (Workshop )',	175,	NULL,	56,	57,	NULL,	16),
(26689,	'PHYS 245  03',	'General  Physics  II (Workshop )',	175,	NULL,	56,	57,	NULL,	18),
(26690,	'HIST 294  D1',	'Tpcs :Greek  and Roman  Sexualities ',	133,	NULL,	40,	NULL,	NULL,	22),
(26691,	'PHYS 315  01',	'Modern  Physics  (w/Lab )',	125,	NULL,	56,	57,	42,	11),
(26693,	'HIST 301  01',	'Greek  Civilization ',	132,	NULL,	40,	NULL,	NULL,	20),
(26694,	'PHYS 420  01',	'Electrodynamics ',	127,	NULL,	43,	NULL,	NULL,	20),
(26696,	'PHIL 200  O1',	'Special  Focus : Persons  Over  Time ',	179,	NULL,	47,	NULL,	NULL,	28),
(26701,	'HIST 310  01',	'The  Iraq  War ',	167,	NULL,	43,	NULL,	NULL,	13),
(26706,	'HIST 318  01',	'Magic  and Witchcraft  in Europe ',	165,	NULL,	40,	39,	NULL,	16),
(26709,	'PHYS 315  L1',	'Modern  Physics  Lab ',	126,	NULL,	43,	NULL,	NULL,	3),
(26711,	'PHYS 315  L2',	'Modern  Physics  Lab ',	127,	NULL,	43,	NULL,	NULL,	8),
(26715,	'PHIL 245  01',	'Logic ',	179,	NULL,	43,	NULL,	NULL,	28),
(26723,	'CHIN 110  01',	'Elementary  Chinese  I',	128,	NULL,	43,	NULL,	NULL,	10),
(26725,	'HIST 325  01',	'Africa  and the Americas ',	163,	NULL,	40,	NULL,	NULL,	14),
(26728,	'HIST 450  01',	'Advanced  Research  and Writing ',	166,	NULL,	40,	41,	NULL,	10),
(26736,	'BUSI 210  01',	'Principles  of Accounting  II',	114,	NULL,	43,	NULL,	NULL,	25),
(26737,	'BUSI 250  01',	'Principles  of Statistics ',	115,	NULL,	57,	NULL,	NULL,	47),
(26738,	'PSYC 240  01',	'Childhood  and Adolescence ',	230,	NULL,	39,	NULL,	NULL,	33),
(26739,	'BUSI 260  01',	'Non -Profit  Management ',	115,	NULL,	43,	NULL,	NULL,	8),
(26741,	'CHIN 320  01',	'Advanced  Chinese  II',	128,	NULL,	43,	NULL,	NULL,	4),
(26742,	'BUSI 261  01',	'Sports  Management ',	115,	NULL,	43,	NULL,	NULL,	12),
(26744,	'BUSI 262  01',	'Art  Management ',	115,	NULL,	43,	NULL,	NULL,	5),
(26747,	'CHIN 120  01',	'Elementary  Chinese  II',	129,	NULL,	58,	NULL,	NULL,	8),
(26751,	'BUSI 320  01',	'Taxation  for Individuals ',	113,	NULL,	42,	NULL,	NULL,	21),
(26754,	'CLAS 294  D1',	'Tpcs :Greek  and Roman  Sexualities ',	133,	NULL,	40,	NULL,	NULL,	22),
(26756,	'CLAS 301  01',	'Greek  Civilization ',	132,	NULL,	40,	NULL,	NULL,	20),
(26758,	'CLAS 200  01',	'Classical  Mythology ',	130,	NULL,	45,	47,	NULL,	22),
(26760,	'CLAS 302  01',	'Roman  Civilization ',	133,	NULL,	40,	NULL,	NULL,	19),
(26764,	'BUSI 530  01',	'Govt  ',	114,	NULL,	43,	NULL,	NULL,	10),
(26765,	'PHIL 370  01',	'Philosophy  of Religion ',	131,	NULL,	47,	NULL,	NULL,	9),
(26767,	'BUSI 520  01',	'Seminar  in Advanced  Accounting ',	112,	NULL,	43,	NULL,	NULL,	10),
(26768,	'RELI 370  01',	'Philosophy  of Religion ',	131,	NULL,	47,	NULL,	NULL,	9),
(26771,	'PHIL 225  01',	'Ethics  and Medicine ',	220,	NULL,	47,	NULL,	NULL,	22),
(26779,	'PHIL 285  01',	'Ancient  Philosophy ',	131,	NULL,	47,	NULL,	NULL,	21),
(26780,	'ANTH 100  01',	'Intro  to Cultural  Anthropology ',	84,	NULL,	39,	NULL,	NULL,	27),
(26782,	'CLAS 285  01',	'Ancient  Philosophy ',	131,	NULL,	47,	NULL,	NULL,	21),
(26784,	'ANTH 102  01',	'Intro  Archaeology  ',	87,	NULL,	39,	NULL,	NULL,	27),
(26790,	'ANTH 245  01',	'Maya : Global Citizens /Ancient Culture ',	85,	NULL,	39,	NULL,	NULL,	24),
(26792,	'ANTH 317  01',	'Society , Culture , and History ',	85,	NULL,	40,	39,	NULL,	10),
(26793,	'ANTH 365  01',	'Anthropological  Theory ',	87,	NULL,	39,	42,	NULL,	8),
(26794,	'ANTH 497  01',	'Advanced  Research  ',	84,	NULL,	39,	41,	42,	8),
(26795,	'SOCI 270  01',	'Race  and Ethnicity ',	186,	NULL,	39,	NULL,	NULL,	25),
(26796,	'SOCI 335  01',	'Sociological  Research  Methods ',	186,	NULL,	39,	41,	NULL,	11),
(26797,	'SOCI 390  01',	'Social  Inequality  ',	186,	NULL,	39,	NULL,	NULL,	4),
(26798,	'SOCI 497  01',	'Advanced  Research  ',	84,	NULL,	39,	41,	42,	4),
(26800,	'ECON 200  01',	'Microeconomic  Theory ',	139,	NULL,	39,	57,	NULL,	28),
(26801,	'ECON 200  02',	'Microeconomic  Theory ',	141,	NULL,	39,	57,	NULL,	22),
(26802,	'PSYC 110  01',	'Introduction  to Psychology ',	225,	NULL,	39,	NULL,	NULL,	26),
(26803,	'ECON 210  01',	'Macroeconomic  Theory ',	141,	NULL,	39,	57,	NULL,	24),
(26804,	'PSYC 110  02',	'Introduction  to Psychology ',	227,	NULL,	39,	NULL,	NULL,	25),
(26805,	'PSYC 110  03',	'Introduction  to Psychology ',	208,	NULL,	39,	NULL,	NULL,	27),
(26807,	'ECON 340  01',	'Environmental  Economics ',	139,	NULL,	39,	42,	NULL,	14),
(26809,	'ECON 360  01',	'International  Economics ',	141,	NULL,	43,	NULL,	NULL,	7),
(26811,	'ECON 385  01',	'Labor  Economics ',	140,	NULL,	42,	NULL,	NULL,	23),
(26812,	'ECON 400  01',	'Econometrics  and Forecasting ',	139,	NULL,	43,	NULL,	NULL,	5),
(26813,	'ECON 410  01',	'Corporate  Finance ',	115,	NULL,	43,	NULL,	NULL,	30),
(26815,	'PSYC 280  01',	'Introduction  to Psychopharmacology ',	208,	NULL,	43,	NULL,	NULL,	30),
(26817,	'PSYC 280  02',	'Introduction  to Psychopharmacology ',	208,	NULL,	43,	NULL,	NULL,	29),
(26818,	'PSYC 290  01',	'Statistics ',	231,	NULL,	57,	NULL,	NULL,	31),
(26819,	'ECON 550  01',	'Managerial  Economics ',	140,	NULL,	43,	NULL,	NULL,	11),
(26820,	'PSYC 290  02',	'Statistics ',	232,	NULL,	57,	NULL,	NULL,	30),
(26822,	'PSYC 295  01',	'Research  Methods  (w/Lab )',	232,	NULL,	42,	NULL,	NULL,	12),
(26823,	'PSYC 300  01',	'Comparative  Animal  Behavior  (w/Lab )',	110,	NULL,	43,	NULL,	NULL,	16),
(26825,	'PSYC 330  01',	'Learning ',	231,	NULL,	43,	NULL,	NULL,	20),
(26826,	'PSYC 340  01',	'Psychological  Assessment ',	225,	NULL,	43,	NULL,	NULL,	8),
(26827,	'PSYC 351  01',	'Health  Psychology ',	232,	NULL,	43,	NULL,	NULL,	19),
(26829,	'FREN 210  01',	'Interm  Composition  ',	157,	NULL,	43,	NULL,	NULL,	25),
(26830,	'PHIL 306  01',	'Nineteenth  Century  Philosophy ',	181,	NULL,	47,	42,	NULL,	5),
(26832,	'FREN 360  01',	'Francophone  Fiction ',	158,	NULL,	45,	NULL,	NULL,	16),
(26833,	'PHIL 330  01',	'Ethical  Theory ',	220,	NULL,	47,	NULL,	NULL,	6),
(26834,	'FREN 120  01',	'First  Year  French  II',	157,	NULL,	58,	NULL,	NULL,	25),
(26835,	'PHIL 390  01',	'Philosophy  of Mind ',	219,	NULL,	47,	NULL,	NULL,	15),
(26837,	'FREN 120  02',	'First  Year  French  II',	157,	NULL,	58,	NULL,	NULL,	9),
(26838,	'FREN 215  01',	'Interm  Composition  Conversation  II',	157,	NULL,	43,	NULL,	NULL,	16),
(26842,	'PSYC 276  01',	'Racial  Justice  and the Bible ',	229,	NULL,	43,	NULL,	NULL,	20),
(26843,	'FREN 480  01',	'Capstone  Advanced  Research ',	158,	NULL,	45,	41,	42,	5),
(26844,	'GERM 110  01',	'Elementary  German  I',	159,	NULL,	43,	NULL,	NULL,	6),
(26845,	'RELI 276  01',	'Racial  Justice  and the Bible ',	174,	NULL,	43,	NULL,	NULL,	20),
(26846,	'PSYC 110  01',	'Introduction  to Psychology ',	226,	NULL,	39,	NULL,	NULL,	25),
(26847,	'GREE 110  01',	'Fundamentals  of Ancient  Greek  I',	132,	NULL,	43,	NULL,	NULL,	7),
(26848,	'PSYC 220  01',	'Brain  ',	110,	NULL,	39,	NULL,	NULL,	26),
(26849,	'GERM 120  01',	'Elementary  German  II',	159,	NULL,	58,	NULL,	NULL,	5),
(26850,	'PSYC 220  02',	'Brain  ',	110,	NULL,	39,	NULL,	NULL,	27),
(26851,	'GREE 120  01',	'Fundamentals  of Ancient  Greek  II',	132,	NULL,	58,	NULL,	NULL,	6),
(26852,	'PSYC 230  01',	'Social  Psychology ',	226,	NULL,	39,	NULL,	NULL,	27),
(26853,	'PSYC 255  01',	'Stereotyping  ',	229,	NULL,	39,	NULL,	NULL,	28),
(26854,	'PSYC 255  02',	'Stereotyping  ',	229,	NULL,	39,	NULL,	NULL,	28),
(26855,	'PSYC 290  01',	'Statistics ',	232,	NULL,	57,	NULL,	NULL,	26),
(26856,	'JAPN 100  01',	'Japanese  Language  and Culture ',	169,	NULL,	43,	NULL,	NULL,	17),
(26857,	'PHIL 487  01',	'Senior  Seminar ',	219,	NULL,	47,	42,	NULL,	4),
(26858,	'PSYC 295  01',	'Research  Methods  (w/Lab )',	110,	NULL,	42,	NULL,	NULL,	17),
(26859,	'LATI 110  01',	'Fundamentals  of Latin  I',	130,	NULL,	43,	NULL,	NULL,	9),
(26860,	'PSYC 295  02',	'Research  Methods  (w/Lab )',	208,	NULL,	42,	NULL,	NULL,	15),
(26861,	'LATI 210  01',	'Readings  in Latin ',	130,	NULL,	43,	NULL,	NULL,	7),
(26866,	'PSYC 352  01',	'Social  Cognition ',	229,	NULL,	42,	NULL,	NULL,	18),
(26867,	'LATI 120  01',	'Fundamentals  of Latin  II',	130,	NULL,	58,	NULL,	NULL,	10),
(26868,	'PSYC 365  01',	'Emotions ',	232,	NULL,	43,	NULL,	NULL,	18),
(26869,	'LATI 390  R1',	'Topics : Civil  Wars ',	133,	NULL,	45,	NULL,	NULL,	7),
(26870,	'PSYC 366  01',	'Behavioral  Endocrinology ',	208,	NULL,	43,	NULL,	NULL,	19),
(26871,	'PSYC 370  01',	'Personality ',	225,	NULL,	39,	NULL,	NULL,	19),
(26872,	'MUSI 100  01',	'Music  Fundamentals ',	190,	NULL,	44,	NULL,	NULL,	21),
(26873,	'MUSI 180  01',	'Film  Music ',	197,	NULL,	44,	NULL,	NULL,	29),
(26874,	'MUSI 150  01',	'Intro  to Western  Classical  Music ',	192,	NULL,	44,	NULL,	NULL,	24),
(26875,	'MUSI 230  01',	'History  of Jazz ',	198,	NULL,	44,	NULL,	NULL,	12),
(26876,	'EVST 310  01',	'Environmental  Studies  Colloquium ',	105,	NULL,	42,	NULL,	NULL,	8),
(26877,	'MUSI 270  01',	'World  Musics ',	198,	NULL,	44,	NULL,	NULL,	12),
(26878,	'PSYC 415  01',	'Psychology  Practicum ',	225,	NULL,	39,	NULL,	NULL,	5),
(26879,	'MUSI 301  01',	'Chromatic  Harmony ',	197,	NULL,	44,	NULL,	NULL,	6),
(26880,	'PSYC 425  01',	'History  and Systems ',	230,	NULL,	43,	NULL,	NULL,	34),
(26881,	'MUSI 100  01',	'Music  Fundamentals ',	190,	NULL,	44,	NULL,	NULL,	15),
(26882,	'NEUR 497  01',	'Neuroscience  Senior  Capstone ',	208,	NULL,	43,	NULL,	NULL,	6),
(26883,	'MUSI 180  01',	'Film  Music ',	197,	NULL,	44,	NULL,	NULL,	23),
(26884,	'MUSI 202  01',	'Diatonic  Harmony ',	192,	NULL,	44,	NULL,	NULL,	7),
(26886,	'PHIL 111  01',	'How  Do  We  Know ?',	179,	NULL,	47,	NULL,	NULL,	15),
(26887,	'PSYC 295  L1',	'Research  Methods  Lab ',	232,	NULL,	43,	NULL,	NULL,	12),
(26893,	'DANC 325  01',	'Choreography ',	138,	NULL,	44,	NULL,	NULL,	2),
(26894,	'PHIL 200  Z1',	'Sp  F: Native  American  Philosophy ',	220,	NULL,	47,	NULL,	NULL,	21),
(26895,	'PHIL 206  B1',	'Sp Fo : Ethics  in the Face  of Poverty ',	131,	NULL,	47,	54,	NULL,	20),
(26896,	'PHIL 113  01',	'How  Should  We  Live ?',	131,	NULL,	47,	NULL,	NULL,	15),
(26897,	'SPAN 110  01',	'Fundamentals  of Spanish  I',	236,	NULL,	43,	NULL,	NULL,	23),
(26898,	'SPAN 110  02',	'Fundamentals  of Spanish  I',	178,	NULL,	43,	NULL,	NULL,	19),
(26899,	'SPAN 110  03',	'Fundamentals  of Spanish  I',	178,	NULL,	43,	NULL,	NULL,	23),
(26900,	'PHIL 206  C1',	'Sp Fo : Stoics , Skeptics  ',	220,	NULL,	47,	NULL,	NULL,	11),
(26901,	'SPAN 110  04',	'Fundamentals  of Spanish  I',	237,	NULL,	43,	NULL,	NULL,	19),
(26902,	'SPAN 110  05',	'Fundamentals  of Spanish  I',	187,	NULL,	43,	NULL,	NULL,	21),
(26903,	'SPAN 110  06',	'Fundamentals  of Spanish  I',	237,	NULL,	43,	NULL,	NULL,	18),
(26904,	'CHEM 110  01',	'Gen  Chem  I: Struct  ',	117,	NULL,	56,	NULL,	NULL,	36),
(26905,	'CHEM 110  02',	'Gen  Chem  I: Struct  ',	118,	NULL,	56,	NULL,	NULL,	33),
(26906,	'CHEM 110  03',	'Gen  Chem  I: Struct  ',	119,	NULL,	56,	NULL,	NULL,	40),
(26907,	'CHEM 110  04',	'Gen  Chem  I: Struct  ',	120,	NULL,	56,	NULL,	NULL,	32),
(26908,	'PHIL 225  01',	'Ethics  and Medicine ',	220,	NULL,	47,	NULL,	NULL,	21),
(26910,	'PHIL 235  01',	'Philosophy  of Cognitive  Science ',	219,	NULL,	39,	47,	NULL,	19),
(26911,	'CHEM 240  01',	'Organic  Chemistry  I (w/Lab )',	95,	NULL,	43,	NULL,	NULL,	44),
(26912,	'CHEM 240  02',	'Organic  Chemistry  I (w/Lab )',	117,	NULL,	43,	NULL,	NULL,	28),
(26913,	'CHEM 310  01',	'Phys  Chem : Quantum  Mech  ',	119,	NULL,	42,	NULL,	NULL,	13),
(26914,	'PHIL 245  01',	'Logic ',	181,	NULL,	43,	NULL,	NULL,	26),
(26915,	'CHEM 330  01',	'Biological  Chemistry  (w/Lab )',	97,	NULL,	43,	NULL,	NULL,	24),
(26916,	'PHIL 280  01',	'Free  Will , Agents  and Intentions ',	219,	NULL,	47,	43,	NULL,	15),
(26917,	'CHEM 330  02',	'Biological  Chemistry  (w/Lab )',	124,	NULL,	43,	NULL,	NULL,	26),
(26918,	'CHEM 440  01',	'Adv  Inorganic  Chemistry ',	123,	NULL,	43,	NULL,	NULL,	6),
(26919,	'POLI 100  01',	'Issues : Civil  Society ',	222,	NULL,	39,	NULL,	NULL,	19),
(26922,	'PHIL 302  01',	'17th ',	179,	NULL,	47,	NULL,	NULL,	9),
(26926,	'POLI 235  01',	'Public  Policy ',	222,	NULL,	39,	NULL,	NULL,	24),
(26927,	'PHIL 350  01',	'Philosophy  of Science ',	181,	NULL,	47,	42,	NULL,	18),
(26928,	'PHIL 395  E1',	'Topics : Early  Medieval  Philosophy ',	179,	NULL,	47,	NULL,	NULL,	8),
(26930,	'POLI 100  02',	'Issues : Gender ',	172,	NULL,	39,	NULL,	NULL,	13),
(26932,	'SPAN 120  01',	'Fundamentals  of Spanish  II',	187,	NULL,	58,	NULL,	NULL,	11),
(26933,	'SPAN 210  01',	'Conversation  and Composition ',	236,	NULL,	42,	NULL,	NULL,	8),
(26935,	'SPAN 210  02',	'Conversation  and Composition ',	236,	NULL,	42,	NULL,	NULL,	12),
(26937,	'SPAN 210  03',	'Conversation  and Composition ',	176,	NULL,	42,	NULL,	NULL,	11),
(26938,	'SPAN 320  01',	'Survey  Spanish  Literature  sn 1700',	176,	NULL,	45,	NULL,	NULL,	21),
(26939,	'SPAN 370  01',	'Love  in Modern  Short  Story ',	176,	NULL,	45,	42,	NULL,	17),
(26944,	'CHEM 110  L5',	'Chem  I: Struct  ',	118,	NULL,	43,	NULL,	NULL,	25),
(26946,	'CHEM 110  L7',	'Chem  I: Struct  ',	121,	NULL,	43,	NULL,	NULL,	24),
(26947,	'CHEM 240  L1',	'Organic  Chemistry  I Lab ',	95,	NULL,	43,	NULL,	NULL,	25),
(26948,	'CHEM 240  L2',	'Organic  Chemistry  I Lab ',	95,	NULL,	43,	NULL,	NULL,	25),
(26949,	'CHEM 240  L3',	'Organic  Chemistry  I Lab ',	122,	NULL,	43,	NULL,	NULL,	22),
(26950,	'CHEM 330  L1',	'Biological  Chemistry  Lab ',	97,	NULL,	43,	NULL,	NULL,	19),
(26951,	'SPAN 410  01',	'Latin  American  Short  Story ',	178,	NULL,	45,	42,	NULL,	17),
(26952,	'CHEM 330  L2',	'Biological  Chemistry  Lab ',	124,	NULL,	43,	NULL,	NULL,	17),
(26953,	'CHEM 330  L3',	'Biological  Chemistry  Lab ',	124,	NULL,	43,	NULL,	NULL,	14),
(26955,	'POLI 202  01',	'Empirical  Research  Methods ',	222,	NULL,	39,	57,	NULL,	14),
(26956,	'SPAN 473  01',	'The  Conquest  of America ',	187,	NULL,	40,	NULL,	NULL,	16),
(26959,	'CHEM 100  01',	'Concepts  of Chemistry ',	117,	NULL,	46,	NULL,	NULL,	19),
(26960,	'SPAN 120  01',	'Fundamentals  of Spanish  II',	237,	NULL,	58,	NULL,	NULL,	18),
(26962,	'CHEM 101  01',	'Chemistry  of Environment  (w/Lab )',	97,	NULL,	56,	NULL,	NULL,	21),
(26963,	'CHEM 120  01',	'Gen  Chem  II: Analy  ',	123,	NULL,	56,	NULL,	NULL,	35),
(26964,	'CHEM 120  02',	'Gen  Chem  II: Analy  ',	124,	NULL,	56,	NULL,	NULL,	22),
(26965,	'SPAN 120  02',	'Fundamentals  of Spanish  II',	178,	NULL,	58,	NULL,	NULL,	21),
(26966,	'CHEM 120  03',	'Gen  Chem  II: Analy  ',	124,	NULL,	56,	NULL,	NULL,	25),
(26967,	'CHEM 120  04',	'Gen  Chem  II: Analy  ',	117,	NULL,	56,	NULL,	NULL,	34),
(26968,	'CHEM 250  01',	'Organic  Chemistry  II (w/Lab )',	95,	NULL,	43,	NULL,	NULL,	43),
(26969,	'SPAN 120  03',	'Fundamentals  of Spanish  II',	237,	NULL,	58,	NULL,	NULL,	21),
(26970,	'CHEM 250  02',	'Organic  Chemistry  II (w/Lab )',	95,	NULL,	43,	NULL,	NULL,	21),
(26971,	'CHEM 280  01',	'Environmental  Analysis  (w/Lab )',	118,	NULL,	56,	NULL,	NULL,	8),
(26972,	'POLI 303  J1',	'Analyzing  The  American  Voter ',	172,	NULL,	43,	NULL,	NULL,	13),
(26973,	'SPAN 120  04',	'Fundamentals  of Spanish  II',	236,	NULL,	58,	NULL,	NULL,	21),
(26974,	'CHEM 320  01',	'Phys  Chem :Thermo  ',	119,	NULL,	43,	NULL,	NULL,	35),
(26975,	'CHEM 335  01',	'Advanced  Biological  Chemistry ',	97,	NULL,	43,	NULL,	NULL,	26),
(26976,	'SPAN 120  05',	'Fundamentals  of Spanish  II',	236,	NULL,	58,	NULL,	NULL,	20),
(26978,	'SPAN 120  06',	'Fundamentals  of Spanish  II',	238,	NULL,	58,	NULL,	NULL,	17),
(26979,	'CHEM 450  02',	'Directed  Research ',	95,	NULL,	41,	NULL,	NULL,	1),
(26982,	'SPAN 120  07',	'Fundamentals  of Spanish  II',	238,	NULL,	58,	NULL,	NULL,	10),
(26983,	'CHEM 450  05',	'Directed  Research ',	118,	NULL,	41,	NULL,	NULL,	3),
(26984,	'SPAN 120  08',	'Fundamentals  of Spanish  II',	187,	NULL,	58,	NULL,	NULL,	23),
(26985,	'CHEM 450  06',	'Directed  Research ',	119,	NULL,	41,	NULL,	NULL,	2),
(26988,	'SPAN 210  01',	'Conversation  and Composition ',	238,	NULL,	42,	NULL,	NULL,	13),
(26990,	'SPAN 220  01',	'Advanced  Grammar  ',	236,	NULL,	42,	NULL,	NULL,	13),
(26997,	'SPAN 310  01',	'Survey  Spanish  Literature  to 1700',	178,	NULL,	45,	NULL,	NULL,	24),
(26998,	'CHEM 250  L3',	'Organic  Chemistry  II Lab ',	122,	NULL,	43,	NULL,	NULL,	23),
(26999,	'CHEM 280  L1',	'Environmental  Analysis  Lab ',	121,	NULL,	43,	NULL,	NULL,	8),
(27000,	'CHEM 320  L1',	'Phys Chem :Thermo  ',	97,	NULL,	43,	NULL,	NULL,	14),
(27001,	'CHEM 320  L2',	'Phys Chem :Thermo  ',	124,	NULL,	43,	NULL,	NULL,	11),
(27003,	'SPAN 330  01',	'Survey  of Latin  American  Literature ',	187,	NULL,	45,	NULL,	NULL,	30),
(27005,	'CHEM 410  L2',	'Adv  Physical  Chemistry  Lab ',	127,	NULL,	43,	NULL,	NULL,	8),
(27007,	'SPAN 351  01',	'Survey  of Cuban  Literature ',	178,	NULL,	45,	42,	NULL,	16),
(27008,	'SPAN 485  01',	'Gender  ',	187,	NULL,	45,	NULL,	NULL,	16),
(27009,	'CHEM 410  01',	'Advanced  Physical  Chemistry  (w/Lab )',	125,	NULL,	56,	57,	42,	11),
(27010,	'CHEM 101  L1',	'Chemistry  of Environment   Lab ',	117,	NULL,	43,	NULL,	NULL,	21),
(27011,	'POLI 497  01',	'Senior  Research  Seminar ',	183,	NULL,	42,	NULL,	NULL,	14),
(27012,	'BIOL 101  01',	'Concepts : Humans  ',	103,	NULL,	56,	NULL,	NULL,	20),
(27013,	'POLI 385  01',	'Leadership  in Washington  DC',	183,	NULL,	43,	NULL,	NULL,	2),
(27014,	'BIOL 102  01',	'Natural  History  (w/Lab )',	105,	NULL,	56,	NULL,	NULL,	19),
(27015,	'POLI 386  01',	'A Capital  Odyssey ',	183,	NULL,	55,	NULL,	NULL,	1),
(27016,	'BIOL 110  01',	'Evolution  for Everyone  (w/Lab )',	101,	NULL,	56,	NULL,	NULL,	20),
(27017,	'RELI 109  01',	'Religion  and Contemporary  Culture ',	234,	NULL,	47,	NULL,	NULL,	24),
(27018,	'BIOL 150  01',	'Cell  Biology  (w/Lab )',	96,	NULL,	56,	NULL,	NULL,	19),
(27019,	'POLI 387  01',	'Special  Topics  in American  Studies ',	183,	NULL,	43,	NULL,	NULL,	2),
(27020,	'BIOL 150  02',	'Cell  Biology  (w/Lab )',	107,	NULL,	56,	NULL,	NULL,	30),
(27022,	'BIOL 150  03',	'Cell  Biology  (w/Lab )',	102,	NULL,	56,	NULL,	NULL,	17),
(27023,	'BIOL 205  01',	'Anatomy  ',	107,	NULL,	56,	NULL,	NULL,	33),
(27024,	'BIOL 220  01',	'General  Zoology  (w/Lab )',	102,	NULL,	43,	NULL,	NULL,	24),
(27030,	'RELI 123  01',	'Introduction  to Hebrew  Bible  (OT)',	174,	NULL,	40,	45,	NULL,	28),
(27031,	'BIOL 310  01',	'Developmental  Biology  (w/Lab )',	96,	NULL,	42,	NULL,	NULL,	9),
(27033,	'BIOL 340  01',	'Microbiology  (w/Lab )',	111,	NULL,	43,	NULL,	NULL,	31),
(27035,	'BIOL 355  01',	'Advanced  Cell  Biology  (w/Lab )',	100,	NULL,	43,	NULL,	NULL,	30),
(27036,	'POLI 240  01',	'Western  Political  Thought ',	223,	NULL,	47,	NULL,	NULL,	15),
(27038,	'BIOL 375  01',	'Conservation  Biology  (w/Lab )',	106,	NULL,	43,	NULL,	NULL,	8),
(27041,	'BIOL 100  01',	'Concepts : Dinosaurs ',	101,	NULL,	46,	NULL,	NULL,	36),
(27042,	'BIOL 104  01',	'Environmental  Biology  (w/Lab )',	106,	NULL,	56,	NULL,	NULL,	24),
(27044,	'MATH 120  01',	'Precalculus ',	188,	NULL,	57,	NULL,	NULL,	21),
(27045,	'MATH 120  02',	'Precalculus ',	177,	NULL,	57,	NULL,	NULL,	26),
(27046,	'MATH 130  01',	'Calculus  I',	188,	NULL,	46,	57,	NULL,	18),
(27047,	'MATH 130  02',	'Calculus  I',	135,	NULL,	46,	57,	NULL,	21),
(27048,	'MATH 130  03',	'Calculus  I',	171,	NULL,	46,	57,	NULL,	33),
(27049,	'RELI 223  01',	'Introduction  to Hinduism ',	234,	NULL,	47,	NULL,	NULL,	18),
(27050,	'MATH 130  04',	'Calculus  I',	171,	NULL,	46,	57,	NULL,	7),
(27051,	'BIOL 150  01',	'Cell  Biology  (w/Lab )',	96,	NULL,	56,	NULL,	NULL,	31),
(27053,	'BIOL 150  02',	'Cell  Biology  (w/Lab )',	99,	NULL,	56,	NULL,	NULL,	33),
(27054,	'MATH 140  01',	'Calculus  II',	177,	NULL,	46,	57,	NULL,	19),
(27055,	'BIOL 150  03',	'Cell  Biology  (w/Lab )',	102,	NULL,	56,	NULL,	NULL,	13),
(27056,	'BIOL 190  01',	'Botany  (w/Lab )',	104,	NULL,	56,	NULL,	NULL,	29),
(27057,	'BIOL 215  01',	'Anatomy  ',	107,	NULL,	56,	NULL,	NULL,	30),
(27058,	'RELI 332  01',	'Concepts  of God ',	221,	NULL,	47,	NULL,	NULL,	14),
(27064,	'BIOL 320  01',	'Animal  Physiology  (w/Lab )',	107,	NULL,	42,	NULL,	NULL,	40),
(27065,	'BIOL 430  01',	'Immunology  (w/Lab )',	111,	NULL,	42,	NULL,	NULL,	28),
(27066,	'BIOL 465  01',	'Molecu Evol  ',	101,	NULL,	41,	NULL,	NULL,	11),
(27067,	'BIOL 470  01',	'Molecular  Genetics  (w/Lab )',	98,	NULL,	42,	NULL,	NULL,	7),
(27068,	'RELI 497  01',	'Senior  Colloquium ',	221,	NULL,	42,	NULL,	NULL,	4),
(27071,	'BIOL 480  01',	'Field  Ecology  (w/Lab )',	105,	NULL,	42,	52,	NULL,	8),
(27072,	'PHIL 316  01',	'Environmental  Ethics ',	219,	NULL,	42,	47,	NULL,	18),
(27076,	'BCMB 497  01',	'BCMB Senior  Seminar ',	96,	NULL,	43,	NULL,	NULL,	26),
(27077,	'HESC 200  01',	'Introduction  to Athletic  Injuries ',	161,	NULL,	43,	NULL,	NULL,	20),
(27078,	'HESC 497  01',	'Senior  Seminar ',	102,	NULL,	43,	NULL,	NULL,	23),
(27079,	'HESC 265  01',	'Nutrition ',	162,	NULL,	42,	NULL,	NULL,	27),
(27080,	'DANC 216  01',	'Ballet  Technique ',	138,	NULL,	44,	51,	NULL,	13),
(27081,	'DANC 160  01',	'Reading  ',	138,	NULL,	44,	51,	NULL,	13),
(27082,	'DANC 215  01',	'Modern  Dance  Technique ',	138,	NULL,	44,	51,	NULL,	14),
(27083,	'DANA A30  01',	'Dance  Ensemble ',	138,	NULL,	44,	51,	NULL,	11),
(27087,	'BIOL 110  L1',	'Evolution  for Everyone  Lab ',	101,	NULL,	43,	NULL,	NULL,	20),
(27093,	'ANTH 100  01',	'Intro  to Cultural  Anthropology ',	85,	NULL,	39,	NULL,	NULL,	26),
(27094,	'ANTH 200  01',	'Buried  Cities  and Lost  Tribes ',	87,	NULL,	39,	40,	NULL,	27),
(27095,	'ANTH 300  01',	'Ethnographic  Methods ',	85,	NULL,	39,	41,	NULL,	9),
(27096,	'ANTH 330  01',	'Human  Impact  onAncient  Environments ',	87,	NULL,	39,	42,	NULL,	13),
(27097,	'ANTH 335  01',	'Geographic  Information  Science ',	87,	NULL,	39,	NULL,	NULL,	12),
(27098,	'BIOL 205  L1',	'Anatomy  ',	107,	NULL,	43,	NULL,	NULL,	14),
(27099,	'BIOL 205  L2',	'Anatomy  ',	107,	NULL,	43,	NULL,	NULL,	19),
(27100,	'BIOL 220  L1',	'General  Zoology  Lab ',	102,	NULL,	43,	NULL,	NULL,	24),
(27103,	'BIOL 310  L1',	'Developmental  Biology  Lab ',	96,	NULL,	43,	NULL,	NULL,	9),
(27104,	'BIOL 340  L1',	'Microbiology  Lab ',	111,	NULL,	43,	NULL,	NULL,	20),
(27105,	'BIOL 340  L2',	'Microbiology  Lab ',	111,	NULL,	43,	NULL,	NULL,	11),
(27106,	'BIOL 355  L1',	'Advanced  Cell  Biology  Lab ',	99,	NULL,	43,	NULL,	NULL,	20),
(27107,	'BIOL 355  L2',	'Advanced  Cell  Biology  Lab ',	99,	NULL,	43,	NULL,	NULL,	10),
(27109,	'BIOL 375  L1',	'Conservation  Biology  Lab ',	106,	NULL,	43,	NULL,	NULL,	8),
(27115,	'BIOL 190  L1',	'Botany  Lab ',	104,	NULL,	43,	NULL,	NULL,	19),
(27116,	'BIOL 190  L2',	'Botany  Lab ',	104,	NULL,	43,	NULL,	NULL,	10),
(27117,	'BIOL 215  L1',	'Anatomy  ',	109,	NULL,	43,	NULL,	NULL,	12),
(27118,	'BIOL 215  L2',	'Anatomy  ',	109,	NULL,	43,	NULL,	NULL,	18),
(27126,	'BIOL 320  L2',	'Animal  Physiology  Lab ',	107,	NULL,	43,	NULL,	NULL,	22),
(27127,	'BIOL 430  L1',	'Immunology  Lab ',	111,	NULL,	43,	NULL,	NULL,	28),
(27128,	'BIOL 465  L1',	'Molecular  Evol ',	101,	NULL,	43,	NULL,	NULL,	11),
(27129,	'BIOL 470  L1',	'Molecular  Genetics  Lab ',	98,	NULL,	43,	NULL,	NULL,	7),
(27131,	'BIOL 490  L1',	'Topics : Vertebrate  Zoology  Lab ',	102,	NULL,	43,	NULL,	NULL,	10),
(27133,	'SOCI 110  01',	'Introduction  to Sociology ',	186,	NULL,	39,	NULL,	NULL,	24),
(27134,	'MATH 215  01',	'Introductory  Statistics ',	135,	NULL,	57,	NULL,	NULL,	37),
(27135,	'MATH 260  01',	'Differential  Equations ',	188,	NULL,	46,	NULL,	NULL,	21),
(27136,	'MATH 270  01',	'Linear  Algebra ',	177,	NULL,	46,	NULL,	NULL,	16),
(27137,	'MATH 320  01',	'Algebra ',	189,	NULL,	42,	NULL,	NULL,	13),
(27138,	'MATH 365  01',	'Mathematical  Models ',	171,	NULL,	46,	NULL,	NULL,	11),
(27140,	'SOCI 210  01',	'Social  Statistics ',	186,	NULL,	57,	39,	NULL,	15),
(27141,	'MATH 497  01',	'Mathematics : Senior  Seminar ',	171,	NULL,	41,	NULL,	NULL,	5),
(27142,	'CSCI 150  01',	'Found  of Computer  Science  (w/Lab )',	134,	NULL,	56,	57,	NULL,	18),
(27143,	'SOCI 325  01',	'Race  and Mixed  Race ',	186,	NULL,	39,	NULL,	NULL,	11),
(27144,	'CSCI 150  02',	'Found  of Computer  Science  (w/Lab )',	136,	NULL,	56,	57,	NULL,	21),
(27145,	'CSCI 151  01',	'Data  Structures  (w/ Lab )',	137,	NULL,	56,	NULL,	NULL,	11),
(27148,	'CSCI 382  01',	'Algorithms  ',	134,	NULL,	43,	NULL,	NULL,	11),
(27149,	'CSCI 410  01',	'Senior  Seminar ',	134,	NULL,	42,	NULL,	NULL,	9),
(27150,	'CSCI 150  L1',	'Foundations  of Computer  Science  Lab ',	134,	NULL,	43,	NULL,	NULL,	25),
(27151,	'CSCI 150  L2',	'Foundations  of Computer  Science  Lab ',	136,	NULL,	43,	NULL,	NULL,	14),
(27152,	'CSCI 151  L1',	'Data  Structures  Lab ',	137,	NULL,	43,	NULL,	NULL,	11),
(27154,	'MATH 115  01',	'Mathematics  in Contemporary  Issues ',	135,	NULL,	39,	57,	NULL,	12),
(27155,	'POLI 203  01',	'Philosophy  of Political  Inquiry ',	172,	NULL,	47,	NULL,	NULL,	16),
(27156,	'MATH 115  02',	'Mathematics  in Contemporary  Issues ',	188,	NULL,	39,	57,	NULL,	19),
(27157,	'MATH 120  01',	'Precalculus ',	188,	NULL,	57,	NULL,	NULL,	18),
(27158,	'MATH 130  01',	'Calculus  I',	177,	NULL,	46,	57,	NULL,	27),
(27159,	'MATH 130  02',	'Calculus  I',	177,	NULL,	46,	57,	NULL,	20),
(27160,	'MATH 140  01',	'Calculus  II',	135,	NULL,	46,	57,	NULL,	29),
(27161,	'MATH 140  02',	'Calculus  II',	188,	NULL,	46,	57,	NULL,	11),
(27162,	'MATH 215  01',	'Introductory  Statistics ',	171,	NULL,	57,	NULL,	NULL,	22),
(27164,	'MATH 240  01',	'Discrete  Mathematics ',	134,	NULL,	46,	NULL,	NULL,	22),
(27166,	'MATH 290  01',	'Introduction  to Advanced Mathematics ',	171,	NULL,	42,	NULL,	NULL,	12),
(27167,	'MATH 310  01',	'Probability  and Statistics ',	177,	NULL,	43,	NULL,	NULL,	10),
(27168,	'MATH 420  01',	'Seminar  in Algebra ',	189,	NULL,	43,	NULL,	NULL,	8),
(27170,	'MATH 497  01',	'Mathematics : Senior  Seminar ',	177,	NULL,	41,	NULL,	NULL,	4),
(27171,	'POLI 290  C1',	'Topics : Cradle  to Prison  Pipeline ',	182,	NULL,	39,	52,	NULL,	12),
(27172,	'CSCI 150  01',	'Found  of Computer  Science  (w/Lab )',	135,	NULL,	56,	57,	NULL,	28),
(27173,	'CSCI 151  01',	'Data  Structures  (w/ Lab )',	136,	NULL,	56,	NULL,	NULL,	28),
(27174,	'CSCI 270  01',	'Computational  Humanities ',	136,	NULL,	43,	NULL,	NULL,	15),
(27175,	'CSCI 335  01',	'Artificial  Intelligence ',	137,	NULL,	42,	NULL,	NULL,	22),
(27176,	'CSCI 365  01',	'Functional  Programming ',	134,	NULL,	43,	NULL,	NULL,	6),
(27177,	'CSCI 150  L1',	'Foundations  of Computer  Science  Lab ',	137,	NULL,	43,	NULL,	NULL,	14),
(27178,	'CSCI 150  L2',	'Foundations  of Computer  Science  Lab ',	134,	NULL,	43,	NULL,	NULL,	14),
(27179,	'CSCI 151  L1',	'Data  Structures  Lab ',	136,	NULL,	43,	NULL,	NULL,	28),
(27181,	'RELI 111  01',	'Asian  Religions : An  Introduction ',	234,	NULL,	47,	NULL,	NULL,	30),
(27182,	'RELI 124  01',	'Intro  to the New  Testament ',	174,	NULL,	45,	40,	NULL,	30),
(27184,	'TART 100  01',	'Introduction  to Theatre ',	241,	NULL,	44,	51,	NULL,	11),
(27185,	'TART 140  01',	'Beginning  Acting ',	184,	NULL,	44,	51,	NULL,	18),
(27186,	'TART 140  02',	'Beginning  Acting ',	239,	NULL,	44,	51,	NULL,	15),
(27187,	'TART 260  01',	'Production : Scenery  ',	240,	NULL,	44,	51,	NULL,	8),
(27188,	'TART 280  01',	'Production : Costume  ',	241,	NULL,	44,	51,	NULL,	9),
(27189,	'RELI 218  01',	'Buddhist  Contemplation ',	234,	NULL,	47,	NULL,	NULL,	15),
(27190,	'TART 290  01',	'Beginning  Playwriting ',	242,	NULL,	44,	51,	NULL,	7),
(27192,	'TART 391  H1',	'Tpcs :Engage  Community  Thr  Theatre ',	184,	NULL,	44,	NULL,	NULL,	6),
(27193,	'TART 430  01',	'Stage  Directing ',	239,	NULL,	44,	NULL,	NULL,	3),
(27194,	'RELI 227  01',	'Skeptics  in Scripture : Eccl  ',	174,	NULL,	47,	45,	NULL,	19),
(27195,	'RELI 327  01',	'Race , Gender ,Empire  ',	174,	NULL,	45,	42,	NULL,	12),
(27197,	'TART 100  01',	'Introduction  to Theatre ',	239,	NULL,	44,	51,	NULL,	14),
(27199,	'RELI 395  01',	'Approaching  the Study  of Religion ',	234,	NULL,	42,	NULL,	NULL,	4),
(27200,	'TART 140  01',	'Beginning  Acting ',	242,	NULL,	44,	51,	NULL,	16),
(27201,	'TART 210  01',	'Script  to Perform : Text  Analysis ',	184,	NULL,	44,	45,	NULL,	14),
(27204,	'TART 295  01',	'Computer  Aided  Drafting  (CAD)',	240,	NULL,	44,	51,	NULL,	15),
(27205,	'TART 390  01',	'Advanced  Playwriting ',	242,	NULL,	44,	51,	NULL,	8),
(27206,	'TART 391  I1',	'Sp Tpcs : History  of Musical  Theatre ',	239,	NULL,	44,	NULL,	NULL,	10),
(27207,	'TART 450  01',	'Production  Design ',	241,	NULL,	44,	51,	NULL,	3),
(27208,	'TART 497  01',	'Theatre  Arts : Senior  Seminar ',	184,	NULL,	44,	51,	NULL,	3),
(27216,	'TARA P21  01',	'House ',	184,	NULL,	44,	NULL,	NULL,	2),
(27219,	'CSCI 322  01',	'Computing  Systems  Organization ',	137,	NULL,	43,	NULL,	NULL,	16),
(27222,	'POLI 245  01',	'American  Political  Thought ',	172,	NULL,	42,	NULL,	NULL,	20),
(27223,	'POLI 100  01',	'Issues : Inequality ',	222,	NULL,	39,	NULL,	NULL,	17),
(27224,	'POLI 202  01',	'Empirical  Research  Methods ',	222,	NULL,	39,	57,	NULL,	13),
(27225,	'POLI 290  D1',	'Topics :First  Ladies  as Poli  Actors ',	172,	NULL,	39,	NULL,	NULL,	20),
(27227,	'POLI 273  01',	'Contemporary  Global  Issues ',	224,	NULL,	39,	NULL,	NULL,	17),
(27228,	'POLI 303  K1',	'Analyzing  The  Carceral  State ',	222,	NULL,	43,	NULL,	NULL,	9),
(27229,	'POLI 205  01',	'Southern  Politics ',	182,	NULL,	39,	NULL,	NULL,	30),
(27231,	'TARA P22  01',	'Acting /St  Man /Dance  Capt /Sound ',	239,	NULL,	44,	NULL,	NULL,	2),
(27232,	'TARA P23  01',	'Scenery  and Lighting ',	240,	NULL,	44,	NULL,	NULL,	1),
(27233,	'TARA P24  01',	'Costume  and Make -up',	241,	NULL,	44,	NULL,	NULL,	7),
(27234,	'ARTH 170  01',	'Western  Art  History  Survey  I',	89,	NULL,	40,	NULL,	NULL,	21),
(27235,	'ARTH 340  01',	'American  Art  History ',	89,	NULL,	40,	NULL,	NULL,	9),
(27236,	'ARTH 430  01',	'Practicum : Senior  Seminar ',	89,	NULL,	43,	NULL,	NULL,	5),
(27237,	'ARTS 160  01',	'Beginning  Drawing ',	90,	NULL,	44,	51,	NULL,	14),
(27238,	'ARTS 160  02',	'Beginning  Drawing ',	91,	NULL,	44,	51,	NULL,	14),
(27239,	'ARTS 180  01',	'Beginning  Ceramics :Handbuilding ',	92,	NULL,	44,	51,	NULL,	15),
(27241,	'BIOL 490  D1',	'Topics : Vertebrate  Zoology  (w/Lab )',	102,	NULL,	43,	NULL,	NULL,	10),
(27245,	'ARTS 220  01',	'Beginning  Printmaking ',	91,	NULL,	44,	NULL,	NULL,	10),
(27246,	'HIST 130  01',	'Colonial  African  History ',	163,	NULL,	40,	NULL,	NULL,	19),
(27247,	'ARTS 250  01',	'Beginning  Photography ',	94,	NULL,	44,	51,	NULL,	6),
(27248,	'HIST 214  01',	'Poverty  and Welfare  in America ',	164,	NULL,	40,	NULL,	NULL,	21),
(27250,	'HIST 215  01',	'20th C. Civil  Rights  Movements ',	164,	NULL,	40,	NULL,	NULL,	20),
(27251,	'ARTS 250  02',	'Beginning  Photography ',	94,	NULL,	44,	51,	NULL,	11),
(27252,	'ARTS 350  01',	'Intermediate  Photography ',	94,	NULL,	43,	NULL,	NULL,	7),
(27253,	'HIST 225  01',	'Medieval  Europe ',	165,	NULL,	40,	NULL,	NULL,	22),
(27257,	'HIST 291  01',	'Japan  and World  War  II in Asia ',	166,	NULL,	40,	41,	NULL,	19),
(27259,	'HIST 292  01',	'The  Two  Koreas ',	166,	NULL,	40,	NULL,	NULL,	20),
(27260,	'PSYC 110  04',	'Introduction  to Psychology ',	227,	NULL,	39,	NULL,	NULL,	28),
(27263,	'HIST 300  01',	'Historiography ',	164,	NULL,	40,	42,	NULL,	14),
(27265,	'ARTS 480  01',	'Advanced  Ceramics ',	92,	NULL,	43,	NULL,	NULL,	4),
(27267,	'HIST 302  01',	'Roman  Civilization ',	133,	NULL,	40,	NULL,	NULL,	19),
(27268,	'HIST 307  01',	'Gender  ',	166,	NULL,	40,	NULL,	NULL,	9),
(27270,	'HIST 480  01',	'Senior  Capstone  Seminar ',	165,	NULL,	40,	NULL,	NULL,	13),
(27271,	'ARTS 160  01',	'Beginning  Drawing ',	91,	NULL,	44,	51,	NULL,	16),
(27272,	'ARTS 160  02',	'Beginning  Drawing ',	90,	NULL,	44,	51,	NULL,	15),
(27275,	'ARTS 220  01',	'Beginning  Printmaking ',	91,	NULL,	44,	NULL,	NULL,	12),
(27276,	'ARTS 210  01',	'Beginning  Sculpture ',	93,	NULL,	44,	51,	NULL,	15),
(27277,	'ARTS 250  01',	'Beginning  Photography ',	94,	NULL,	44,	51,	NULL,	12),
(27278,	'ARTS 250  02',	'Beginning  Photography ',	94,	NULL,	44,	51,	NULL,	9),
(27279,	'ARTS 262  01',	'Interm  Drawing -Large  Figure  Comp ',	90,	NULL,	44,	51,	NULL,	8),
(27281,	'ARTS 310  01',	'Intermediate  Sculpture ',	93,	NULL,	43,	NULL,	NULL,	4),
(27282,	'ARTS 415  01',	'Advanced  Topics : 3D Studio  Art ',	93,	NULL,	43,	NULL,	NULL,	2),
(27283,	'ARTS 320  01',	'Intermediate  Printmaking ',	91,	NULL,	44,	NULL,	NULL,	6),
(27285,	'ARTS 450  01',	'Advanced  Photography ',	94,	NULL,	43,	NULL,	NULL,	8),
(27286,	'BUSI 110  01',	'Personal  Finance ',	112,	NULL,	39,	NULL,	NULL,	30),
(27288,	'BUSI 210  01',	'Principles  of Accounting  II',	114,	NULL,	43,	NULL,	NULL,	14),
(27289,	'BUSI 210  02',	'Principles  of Accounting  II',	114,	NULL,	43,	NULL,	NULL,	28),
(27290,	'BUSI 310  01',	'Intermediate  Accounting  II',	114,	NULL,	43,	NULL,	NULL,	7),
(27291,	'BUSI 330  01',	'Cost  Accounting ',	115,	NULL,	43,	NULL,	NULL,	26),
(27292,	'BUSI 350  01',	'Business  Law ',	116,	NULL,	43,	NULL,	NULL,	20),
(27293,	'BUSI 370  01',	'Auditing ',	112,	NULL,	42,	NULL,	NULL,	5),
(27294,	'BUSI 390  01',	'Acct  Info  Sys  ',	115,	NULL,	43,	NULL,	NULL,	15),
(27295,	'BUSI 497  01',	'Corporate  Strategy ',	113,	NULL,	55,	42,	NULL,	18),
(27296,	'BUSI 497  02',	'Corporate  Strategy ',	113,	NULL,	55,	42,	NULL,	16),
(27297,	'BUSI 500  01',	'Taxation  for Business  Entities ',	113,	NULL,	43,	NULL,	NULL,	11),
(27299,	'BUSI 570  01',	'Auditing ',	112,	NULL,	43,	NULL,	NULL,	7),
(27300,	'BUSI 590  01',	'Acctg  Info  Sys  ',	115,	NULL,	43,	NULL,	NULL,	9),
(27302,	'ENGC 301  01',	'Creative   Non -Fiction  Writing ',	142,	NULL,	44,	51,	NULL,	15),
(27303,	'ENGC 303  01',	'Poetry  Writing ',	143,	NULL,	44,	51,	NULL,	13),
(27305,	'ENGC 307  01',	'The  Writer  as Witness ',	144,	NULL,	44,	51,	NULL,	14),
(27306,	'ENGC 404  01',	'Advanced  Creative  Writing : Fiction ',	142,	NULL,	44,	51,	NULL,	11),
(27307,	'ENGC 301  01',	'Creative   Non -Fiction  Writing ',	143,	NULL,	44,	51,	NULL,	9),
(27308,	'ENGC 303  01',	'Poetry  Writing ',	143,	NULL,	44,	51,	NULL,	14),
(27309,	'ENGC 497  01',	'Creative  Writing  Senior  Thesis ',	142,	NULL,	44,	42,	51,	9),
(27310,	'ENGF 269  01',	'Introduction  to Film  Studies ',	145,	NULL,	45,	50,	NULL,	21),
(27312,	'ENGF 390  G1',	'Topics :Film  and American  History ',	147,	NULL,	45,	NULL,	NULL,	17),
(27313,	'ENGF 269  01',	'Introduction  to Film  Studies ',	146,	NULL,	45,	50,	NULL,	20),
(27314,	'ENGF 269  02',	'Introduction  to Film  Studies ',	145,	NULL,	45,	50,	NULL,	17),
(27316,	'ENGF 381  01',	'Film  Theory ',	145,	NULL,	45,	NULL,	NULL,	17),
(27318,	'PHIL 332  01',	'Concepts  of God ',	221,	NULL,	47,	NULL,	NULL,	14),
(27319,	'PSYC 230  01',	'Social  Psychology ',	229,	NULL,	39,	NULL,	NULL,	29),
(27321,	'ECON 100  01',	'Survey  of Economic  Issues ',	139,	NULL,	39,	NULL,	NULL,	27),
(27322,	'ECON 200  01',	'Microeconomic  Theory ',	140,	NULL,	39,	57,	NULL,	34),
(27323,	'ECON 210  01',	'Macroeconomic  Theory ',	141,	NULL,	39,	57,	NULL,	14),
(27324,	'ECON 210  02',	'Macroeconomic  Theory ',	141,	NULL,	39,	57,	NULL,	19),
(27325,	'ECON 310  01',	'Advanced  Macroeconomic  Theory ',	141,	NULL,	43,	NULL,	NULL,	6),
(27326,	'ECON 340  01',	'Environmental  Economics ',	139,	NULL,	39,	42,	NULL,	18),
(27327,	'ECON 380  01',	'Public  Finance ',	140,	NULL,	42,	NULL,	NULL,	21),
(27328,	'ENGL 221  01',	'Poetry ',	149,	NULL,	45,	50,	NULL,	17),
(27329,	'ENGL 258  01',	'American  War  Literature ',	156,	NULL,	45,	50,	NULL,	17),
(27331,	'ECON 430  01',	'Management  Science ',	115,	NULL,	43,	NULL,	NULL,	11),
(27332,	'ECON 497  01',	'Economic  Research ',	139,	NULL,	42,	41,	NULL,	2),
(27333,	'ECON 530  01',	'Management  Science ',	115,	NULL,	43,	NULL,	NULL,	9),
(27335,	'ENGL 297  01',	'Literary  Analysis ',	153,	NULL,	43,	NULL,	NULL,	16),
(27337,	'ENGL 110  01',	'Introduction  to Academic  Writing ',	149,	NULL,	50,	NULL,	NULL,	15),
(27339,	'ENGL 110  02',	'Introduction  to Academic  Writing ',	147,	NULL,	50,	NULL,	NULL,	14),
(27340,	'ENGL 258  02',	'American  War  Literature ',	156,	NULL,	45,	50,	NULL,	16),
(27341,	'ENGL 329  01',	'Sense ',	154,	NULL,	45,	NULL,	NULL,	18),
(27342,	'ENGL 110  03',	'Introduction  to Academic  Writing ',	151,	NULL,	50,	NULL,	NULL,	12),
(27343,	'ENGL 336  01',	'Postmodern  ',	156,	NULL,	45,	NULL,	NULL,	12),
(27344,	'ENGF 390  P1',	'Topics : Film  and Writing ',	145,	NULL,	45,	NULL,	NULL,	15),
(27345,	'ENGL 110  04',	'Introduction  to Academic  Writing ',	153,	NULL,	50,	NULL,	NULL,	14),
(27346,	'ENGL 110  05',	'Introduction  to Academic  Writing ',	152,	NULL,	50,	NULL,	NULL,	14),
(27348,	'ENGL 454  01',	'Lawrence  ',	151,	NULL,	45,	42,	NULL,	8),
(27350,	'ENGL 221  01',	'Poetry ',	153,	NULL,	45,	50,	NULL,	18),
(27351,	'ENGL 110  01',	'Introduction  to Academic  Writing ',	150,	NULL,	50,	NULL,	NULL,	12),
(27355,	'ENGL 221  02',	'Poetry ',	153,	NULL,	45,	50,	NULL,	16),
(27356,	'ENGL 297  01',	'Literary  Analysis ',	154,	NULL,	43,	NULL,	NULL,	18),
(27357,	'ENGL 308  01',	'Writing  for Life ',	151,	NULL,	43,	NULL,	NULL,	15),
(27358,	'ENGL 234  02',	'Creative  Nonfiction  - The  Essay ',	154,	NULL,	50,	45,	NULL,	17),
(27359,	'ENGL 397  01',	'Imagined  Vietnam ',	156,	NULL,	45,	NULL,	NULL,	13),
(27360,	'ENGL 432  01',	'Jane  Austen ',	155,	NULL,	45,	42,	NULL,	11),
(27362,	'ENGL 221  03',	'Poetry ',	152,	NULL,	45,	50,	NULL,	16),
(27363,	'ENGL 110  03',	'Introduction  to Academic  Writing ',	152,	NULL,	50,	NULL,	NULL,	11),
(27364,	'ENGL 234  03',	'Creative  Nonfiction  - The  Essay ',	142,	NULL,	50,	45,	NULL,	17),
(27365,	'ENGL 234  04',	'Creative  Nonfiction  - The  Essay ',	142,	NULL,	50,	45,	NULL,	18),
(27366,	'ENGL 325  01',	'British  Romanticism ',	153,	NULL,	45,	NULL,	NULL,	20),
(27367,	'ENGL 245  01',	'African  Novel ',	155,	NULL,	45,	50,	NULL,	16),
(27369,	'ENGL 497  01',	'Senior  Thesis  Seminar ',	156,	NULL,	42,	41,	NULL,	7),
(27370,	'ENGL 248  01',	'The  Holocaust  in Lit , Theory  ',	151,	NULL,	45,	50,	NULL,	18),
(27375,	'MUSA 0CP  01',	'Chamber  Players ',	190,	NULL,	43,	NULL,	NULL,	2),
(27382,	'MUSA 2CH  01',	'Choir ',	192,	NULL,	44,	51,	NULL,	40),
(27383,	'MUSA 2OR  01',	'Chamber  Orchestra ',	193,	NULL,	44,	51,	NULL,	6),
(27384,	'MUSA 2PB  01',	'Pep  Band ',	190,	NULL,	43,	NULL,	NULL,	7),
(27385,	'MUSA 2WE  01',	'Wind  Ensemble ',	190,	NULL,	44,	51,	NULL,	29),
(27386,	'MUSA 3B1  01',	'Euphonium ',	190,	NULL,	44,	NULL,	NULL,	1),
(27387,	'MUSA 3B2  01',	'French  Horn ',	194,	NULL,	44,	NULL,	NULL,	2),
(27388,	'MUSA 3B3  01',	'Trombone ',	190,	NULL,	44,	NULL,	NULL,	1),
(27389,	'MUSA 3B4  01',	'Trumpet ',	195,	NULL,	44,	NULL,	NULL,	1),
(27390,	'MUSA 3B5  01',	'Tuba ',	190,	NULL,	44,	NULL,	NULL,	1),
(27391,	'MUSA 3K1  01',	'Organ ',	196,	NULL,	44,	NULL,	NULL,	2),
(27392,	'MUSA 3K2  01',	'Piano ',	197,	NULL,	44,	NULL,	NULL,	13),
(27393,	'MUSA 3K2  02',	'Piano ',	198,	NULL,	44,	NULL,	NULL,	11),
(27396,	'MUSA 3P1  01',	'Percussion ',	199,	NULL,	44,	NULL,	NULL,	2),
(27397,	'MUSA 3S1  01',	'Cello ',	200,	NULL,	44,	NULL,	NULL,	1),
(27400,	'MUSA 3S5  01',	'Violin ',	201,	NULL,	44,	NULL,	NULL,	4),
(27401,	'MUSA 3S6  01',	'Harp ',	202,	NULL,	44,	NULL,	NULL,	1),
(27402,	'MUSA 3V1  01',	'Voice ',	203,	NULL,	44,	NULL,	NULL,	10),
(27403,	'MUSA 3V1  02',	'Voice ',	204,	NULL,	44,	NULL,	NULL,	11),
(27404,	'MUSA 3V1  03',	'Voice ',	205,	NULL,	44,	NULL,	NULL,	6),
(27409,	'MUSA 3W3  01',	'Flute ',	206,	NULL,	44,	NULL,	NULL,	1),
(27412,	'MUSA 3W5  01',	'Saxophone ',	191,	NULL,	44,	NULL,	NULL,	2),
(27419,	'MUSA 4K1  01',	'Organ  (Intensive  Study )',	196,	NULL,	44,	51,	NULL,	1),
(27421,	'MUSA 4K2  01',	'Piano  (Intensive  Study )',	197,	NULL,	44,	51,	NULL,	1),
(27426,	'SOCI 110  01',	'Introduction  to Sociology ',	86,	NULL,	39,	NULL,	NULL,	20),
(27429,	'MUSA 4S5  01',	'Violin  (Intensive  Study )',	201,	NULL,	44,	51,	NULL,	3),
(27432,	'MUSA 4V1  03',	'Voice  (Intensive  Study )',	205,	NULL,	44,	51,	NULL,	3),
(27436,	'MUSA 4W3  01',	'Flute  (Intensive  Study )',	206,	NULL,	44,	51,	NULL,	1),
(27437,	'MUSA 4W4  01',	'Oboe  (Intensive  Study )',	207,	NULL,	44,	51,	NULL,	1),
(27439,	'MUSA 3W2  02',	'Clarinet ',	191,	NULL,	44,	NULL,	NULL,	7),
(27446,	'SOCI 205  01',	'Gender  and Sexuality ',	86,	NULL,	39,	NULL,	NULL,	28),
(27447,	'SOCI 300  01',	'The  Urban  Community ',	86,	NULL,	39,	NULL,	NULL,	13),
(27448,	'ANTH 385  C1',	'Topics : Medical  Anthropology ',	88,	NULL,	39,	NULL,	NULL,	13),
(27450,	'PHYS 160  01',	'Astronomy ',	180,	NULL,	46,	NULL,	NULL,	30),
(27457,	'PHYS 160  02',	'Astronomy ',	125,	NULL,	46,	NULL,	NULL,	29),
(27461,	'ANTH 100  02',	'Intro  to Cultural  Anthropology ',	86,	NULL,	39,	NULL,	NULL,	21),
(27519,	'SOCI 250  01',	'Sociology  of the Family ',	86,	NULL,	39,	NULL,	NULL,	25),
(27520,	'SOCI 317  01',	'Society , Culture , and History ',	85,	NULL,	40,	39,	NULL,	10),
(27523,	'PACT A10  01',	'Beginning  Swimming ',	209,	NULL,	49,	NULL,	NULL,	15),
(27524,	'PACT F61  01',	'HIIT',	212,	NULL,	49,	NULL,	NULL,	8),
(27525,	'PACT F70  01',	'Tai  Chi ',	215,	NULL,	49,	NULL,	NULL,	16),
(27526,	'PACT F53  01',	'Pilates ',	213,	NULL,	49,	NULL,	NULL,	15),
(27528,	'PACT T25  01',	'Pickleball ',	213,	NULL,	49,	NULL,	NULL,	11),
(27529,	'PACT F30  01',	'Weights  in the WAC',	213,	NULL,	49,	NULL,	NULL,	10),
(27530,	'PACT D55  01',	'Zumba ',	211,	NULL,	49,	NULL,	NULL,	12),
(27531,	'PACT F75  01',	'TNT (Tighten  ',	216,	NULL,	49,	NULL,	NULL,	12),
(27532,	'PACT F77  01',	'Pi Yo ',	213,	NULL,	49,	NULL,	NULL,	7),
(27534,	'PACT F57  01',	'Spin  ',	213,	NULL,	49,	NULL,	NULL,	11),
(27536,	'PACT L60  01',	'Tennis ',	218,	NULL,	49,	NULL,	NULL,	16),
(27537,	'PACT D57  01',	'Tabata ',	212,	NULL,	49,	NULL,	NULL,	11),
(27539,	'PACT F93  01',	'Core  and Stretch ',	212,	NULL,	49,	NULL,	NULL,	11),
(27540,	'PACT W90  01',	'Beginning  Yoga ',	216,	NULL,	49,	NULL,	NULL,	19),
(27541,	'PACT W35  01',	'Mindful  Relaxation ',	212,	NULL,	49,	NULL,	NULL,	15),
(27542,	'PACT F74  01',	'Warrior  Workouts ',	214,	NULL,	49,	NULL,	NULL,	10),
(27543,	'PACT F80  01',	'Kickboxing ',	214,	NULL,	49,	NULL,	NULL,	15),
(27544,	'PACT F58  01',	'Cardio  Chisel ',	214,	NULL,	49,	NULL,	NULL,	15),
(27547,	'PACT W95  01',	'Flow  Yoga ',	216,	NULL,	49,	NULL,	NULL,	18),
(27548,	'PACT F75  01',	'TNT (Tighten  ',	216,	NULL,	49,	NULL,	NULL,	13),
(27549,	'PACT W35  01',	'Mindful  Relaxation ',	212,	NULL,	49,	NULL,	NULL,	16),
(27550,	'PACT F73  01',	'Chi  Kung ',	215,	NULL,	49,	NULL,	NULL,	15),
(27551,	'PACT F48  01',	'Jogging  ',	210,	NULL,	49,	NULL,	NULL,	15),
(27552,	'PACT F47  01',	'Indoor  Rock  Climbing ',	210,	NULL,	49,	NULL,	NULL,	12),
(27553,	'PACT T25  01',	'Pickleball ',	213,	NULL,	49,	NULL,	NULL,	12),
(27555,	'PACT D56  01',	'Zumba  Toning ',	211,	NULL,	49,	NULL,	NULL,	15),
(27556,	'PACT F77  01',	'Pi Yo ',	213,	NULL,	49,	NULL,	NULL,	15),
(27559,	'PACT F53  01',	'Pilates ',	213,	NULL,	49,	NULL,	NULL,	14),
(27560,	'PACT F51  01',	'Advanced  Indoor  Rock  Climbing ',	210,	NULL,	49,	NULL,	NULL,	9),
(27563,	'PACT F57  01',	'Spin  ',	213,	NULL,	49,	NULL,	NULL,	5),
(27564,	'PACT F63  01',	'Totally  Toned ',	212,	NULL,	49,	NULL,	NULL,	9),
(27565,	'PACT A40  01',	'Amphibi -fit',	210,	NULL,	49,	NULL,	NULL,	9),
(27566,	'PACT F93  01',	'Core  and Stretch ',	212,	NULL,	49,	NULL,	NULL,	15),
(27567,	'PACT F74  01',	'Warrior  Workouts ',	214,	NULL,	49,	NULL,	NULL,	13),
(27568,	'PACT F80  01',	'Kickboxing ',	214,	NULL,	49,	NULL,	NULL,	19),
(27570,	'PACT F48  01',	'Jogging  ',	210,	NULL,	49,	NULL,	NULL,	14),
(27571,	'ENGL 348  01',	'Literature  after Auschwitz ',	151,	NULL,	45,	NULL,	NULL,	17),
(27576,	'ENGF 390  O1',	'Topics : Digital  Storytelling ',	142,	NULL,	45,	NULL,	NULL,	11),
(27578,	'ARTS 304  01',	'Intermediate  Painting -Working  Large ',	90,	NULL,	43,	NULL,	NULL,	5),
(27579,	'ARTS 404  01',	'Advanced  Painting -Working  Large ',	90,	NULL,	43,	NULL,	NULL,	4),
(27582,	'MUSI 425  01',	'Composition ',	197,	NULL,	43,	NULL,	NULL,	6),
(27584,	'ENGL M23  A1',	'Irish  Short  Stories ',	144,	NULL,	43,	NULL,	NULL,	6),
(27594,	'RELI 280  K1',	'Tpcs :Gender , Sexuality  ',	235,	NULL,	47,	NULL,	NULL,	16),
(27596,	'POLI 283  01',	'Model  United  Nations ',	223,	NULL,	39,	53,	NULL,	10),
(27597,	'FREN 320  01',	'Phonetics  and Advanced  Conversation ',	158,	NULL,	43,	NULL,	NULL,	9),
(27598,	'FREN 461  01',	'Translation  Theory ',	158,	NULL,	45,	42,	NULL,	9),
(27599,	'LITR 461  01',	'Translation  Theory ',	158,	NULL,	45,	42,	NULL,	9),
(27602,	'CLAS M33  01',	'The  Rhetoric  of Decline  and Fall ',	133,	NULL,	43,	NULL,	NULL,	6),
(27604,	'CLAS M32  01',	'Epic  Literature ',	132,	NULL,	43,	NULL,	NULL,	2),
(27605,	'ENGF 269  02',	'Introduction  to Film  Studies ',	146,	NULL,	45,	50,	NULL,	19),
(27606,	'ARTS 201  01',	'Beginning  Painting -Landscape ',	90,	NULL,	44,	51,	NULL,	8),
(27607,	'ARTS 301  01',	'Intermediate  Painting -Landscape ',	90,	NULL,	43,	NULL,	NULL,	1),
(27608,	'HIST 353  01',	'American  Civil  War  ',	168,	NULL,	40,	NULL,	NULL,	14),
(27609,	'PACT F58  01',	'Cardio  Chisel ',	214,	NULL,	49,	NULL,	NULL,	14),
(27612,	'HIST 309  01',	'Ecology  and Culture  in East  Asia ',	166,	NULL,	40,	NULL,	NULL,	15),
(27613,	'POLI 250  01',	'History  of the International  System ',	223,	NULL,	39,	40,	42,	12),
(27617,	'PSYC 341  01',	'Moral  Emotions ',	227,	NULL,	43,	NULL,	NULL,	14),
(27618,	'PSYC 225  01',	'Psychology  and Religion ',	226,	NULL,	43,	NULL,	NULL,	24),
(27621,	'PSYC 370  01',	'Personality ',	226,	NULL,	39,	NULL,	NULL,	19),
(27622,	'PSYC 310  01',	'Social  Neuroscience  w/Lab ',	227,	NULL,	43,	NULL,	NULL,	16),
(27623,	'PSYC 310  02',	'Social  Neuroscience  w/Lab ',	227,	NULL,	43,	NULL,	NULL,	17),
(27624,	'PSYC 310  L1',	'Social  Neuroscience  Lab ',	227,	NULL,	43,	NULL,	NULL,	15),
(27625,	'PSYC 310  L2',	'Social  Neuroscience  Lab ',	227,	NULL,	43,	NULL,	NULL,	17),
(27628,	'ANTH 499  01',	'Ind St :Political  Archaeology ',	87,	NULL,	43,	NULL,	NULL,	1),
(27629,	'BIOL 300  01',	'Compar  Animal  Behavior  (w/Lab )',	110,	NULL,	42,	NULL,	NULL,	16),
(27631,	'CHIN 399  01',	'Ind St :Adv .  Chinese  Through  Media ',	128,	NULL,	43,	NULL,	NULL,	1),
(27632,	'BCMB 499  01',	'Ind St :Organocatalyzed  Reactions ',	95,	NULL,	41,	NULL,	NULL,	1),
(27634,	'CHEM 299  01',	'Ind St :Environmental  Chemistry ',	118,	NULL,	43,	NULL,	NULL,	1),
(27635,	'BIOL 499  01',	'Ind St :Insect  Stress  and Defence ',	102,	NULL,	41,	NULL,	NULL,	1),
(27636,	'POLI 299  01',	'Ind St :Modeling  Un  Mentoring ',	223,	NULL,	43,	NULL,	NULL,	2),
(27638,	'CLAS 294  C1',	'Topics : Catastrophe  ',	132,	NULL,	40,	NULL,	NULL,	20),
(27642,	'ARTS 180  02',	'Beginning  Ceramics :Handbuilding ',	92,	NULL,	44,	51,	NULL,	11),
(27643,	'BIOL 101  02',	'Concepts : Plants  ',	104,	NULL,	56,	NULL,	NULL,	10),
(27647,	'PHIL 250  01',	'Philosophies  of India ',	181,	NULL,	47,	NULL,	NULL,	5),
(27648,	'SOCI 110  02',	'Introduction  to Sociology ',	86,	NULL,	39,	NULL,	NULL,	27),
(27649,	'HIST 294  A1',	'Topics : Catastrophe  ',	132,	NULL,	40,	NULL,	NULL,	20),
(27650,	'PHYS 235  04',	'General  Physics  I (Workshop )',	126,	NULL,	56,	57,	NULL,	11),
(27651,	'PHYS 160  03',	'Astronomy ',	125,	NULL,	46,	NULL,	NULL,	25),
(27654,	'TART 140  02',	'Beginning  Acting ',	239,	NULL,	44,	51,	NULL,	16),
(27655,	'TART 310  99',	'Ind St :History  of Theatre  ',	184,	NULL,	40,	45,	42,	1),
(27659,	'TART M24  01',	'The  Craft  of Playwriting ',	242,	NULL,	43,	NULL,	NULL,	4),
(27664,	'HESC 495  01',	'Intern :Little  Rock  Zoo ',	105,	NULL,	43,	NULL,	NULL,	1),
(27665,	'BCMB 399  01',	'Ind St :Organocatalyst  Optimization ',	95,	NULL,	41,	NULL,	NULL,	1),
(27667,	'HESC 495  02',	'Intern :Pediatrics  Plus ',	106,	NULL,	43,	NULL,	NULL,	1),
(27671,	'BCMB 498  01',	'Intern :Cancer  Research  at OSU',	97,	NULL,	41,	NULL,	NULL,	1),
(27675,	'RELI 109  02',	'Religion  and Contemporary  Culture ',	234,	NULL,	47,	NULL,	NULL,	11),
(27676,	'BCMB 499  02',	'Ind St :Thyroid  Cancer  Research ',	99,	NULL,	41,	NULL,	NULL,	1),
(27677,	'BUSI 280  99',	'Ind St :Global  Business ',	114,	NULL,	43,	NULL,	NULL,	1),
(27682,	'ROEH 101  01',	'Roehampton ',	109,	NULL,	43,	NULL,	NULL,	1),
(27686,	'PHYS 100  01',	'Top :Astronomy  Under  Costa Rica  Skies ',	175,	NULL,	46,	NULL,	NULL,	10),
(27687,	'SPAN 390  01',	'Top : Literature  and the Jungle ',	187,	NULL,	43,	NULL,	NULL,	10),
(27688,	'LITR 390  01',	'Top : Literature  and the Jungle ',	187,	NULL,	43,	NULL,	NULL,	10),
(27689,	'HESC 495  03',	'Intern :Spine  ',	101,	NULL,	43,	NULL,	NULL,	1),
(27690,	'HESC 495  04',	'Intern :Athletc  Training ',	102,	NULL,	43,	NULL,	NULL,	1),
(27692,	'HESC 496  01',	'Intern :Exploring  Healthcare ',	106,	NULL,	43,	NULL,	NULL,	1),
(27693,	'HESC 496  02',	'Intern :Physical  Therapy ',	107,	NULL,	43,	NULL,	NULL,	1),
(27694,	'HESC 495  05',	'Intern :Physical  Therapy ',	101,	NULL,	43,	NULL,	NULL,	1),
(27695,	'HESC 495  06',	'Intern :Conway  Regional  PT',	100,	NULL,	43,	NULL,	NULL,	1),
(27697,	'HESC 495  07',	'Intern :Vet  Hospital ',	101,	NULL,	43,	NULL,	NULL,	1),
(27698,	'HESC 495  08',	'Intern :Health  Care  Admin ',	98,	NULL,	43,	NULL,	NULL,	1),
(27700,	'HESC 496  03',	'Intern :Carson  Physical  Therapy ',	106,	NULL,	43,	NULL,	NULL,	1),
(27701,	'PACT F30  01',	'Weights  in the WAC',	213,	NULL,	49,	NULL,	NULL,	10),
(27702,	'HESC 496  04',	'Intern :Athletic  Trainer ',	99,	NULL,	43,	NULL,	NULL,	1),
(27704,	'HESC 495  09',	'Intern :Stead  Interns  Program ',	98,	NULL,	43,	NULL,	NULL,	1),
(27705,	'HESC 495  10',	'Intern :HESC Internship  Experience ',	96,	NULL,	43,	NULL,	NULL,	1),
(27706,	'RELI 270  01',	'Ecotheology : Greening  Religion ',	235,	NULL,	47,	NULL,	NULL,	12),
(27720,	'ENGF 498  01',	'Intern :Documentary  Production ',	148,	NULL,	43,	NULL,	NULL,	1),
(27721,	'HESC 496  05',	'Intern :Physical  Therapy  Batesville ',	100,	NULL,	43,	NULL,	NULL,	1),
(27722,	'HESC 495  11',	'Intern :Leadership  at NLC',	98,	NULL,	43,	NULL,	NULL,	1),
(27724,	'HESC 496  06',	'Intern :Physical  Therapy ',	96,	NULL,	43,	NULL,	NULL,	1),
(27725,	'SJSA 498  01',	'Intern :Our  House ',	182,	NULL,	43,	NULL,	NULL,	1),
(27726,	'PSYC 210  01',	'Developmental  Psychology ',	226,	NULL,	39,	NULL,	NULL,	30),
(27728,	'BUSI 370  99',	'Ind St :Auditing ',	112,	NULL,	42,	NULL,	NULL,	1),
(27729,	'HESC 495  12',	'Intern :Pharmacy  Technician ',	102,	NULL,	43,	NULL,	NULL,	1),
(27730,	'HESC 495  13',	'Intern :Head  Coaching  Internship ',	106,	NULL,	43,	NULL,	NULL,	1),
(27731,	'HESC 495  14',	'Intern :Physical  Therapy ',	101,	NULL,	43,	NULL,	NULL,	1),
(27732,	'PSYC 312  01',	'Human  Aggression ',	233,	NULL,	43,	NULL,	NULL,	13),
(27733,	'PACT F96  01',	'Grit  and Grind ',	217,	NULL,	49,	NULL,	NULL,	3),
(27735,	'PACT F96  02',	'Grit  and Grind ',	217,	NULL,	49,	NULL,	NULL,	3),
(27736,	'PSYC 210  01',	'Developmental  Psychology ',	228,	NULL,	39,	NULL,	NULL,	16),
(27737,	'EVST 497  99',	'In St : Senior  Seminar ',	118,	NULL,	42,	NULL,	NULL,	1),
(27739,	'HESC 497  99',	'Ind St : Senior  Seminar ',	107,	NULL,	43,	NULL,	NULL,	1),
(27740,	'BCMB 499  03',	'Ind St :Gene  Expression  Studies ',	100,	NULL,	41,	NULL,	NULL,	1),
(27741,	'HESC 495  15',	'Intern :Stead  Interns  Program ',	106,	NULL,	43,	NULL,	NULL,	1),
(27742,	'ECON 450  99',	'Ind St : Managerial  Economics ',	140,	NULL,	43,	NULL,	NULL,	1),
(27744,	'BCMB 498  01',	'Ind St : DNA Repair  Proteins ',	98,	NULL,	41,	NULL,	NULL,	1),
(27748,	'BCMB 499  04',	'Ind St :Organic  Synthesis  Research ',	95,	NULL,	41,	NULL,	NULL,	1),
(27749,	'BUSI 399  01',	'Ind St :Social  Entrepreneurship ',	115,	NULL,	43,	NULL,	NULL,	1),
(27752,	'POLI 399  01',	'Ind St :Arkansas  Policy ',	182,	NULL,	43,	NULL,	NULL,	1),
(27753,	'BCMB 499  05',	'Ind St :Biochemistry  Research ',	97,	NULL,	41,	NULL,	NULL,	1),
(27754,	'POLI 399  02',	'Ind St :Arkansas  Public  Policy ',	183,	NULL,	43,	NULL,	NULL,	1),
(27755,	'BCMB 498  02',	'Ind St :Thyroid  Cancer  Research ',	99,	NULL,	41,	NULL,	NULL,	1),
(27756,	'BCMB 399  01',	'Ind St :Organic  Synthesis ',	95,	NULL,	41,	NULL,	NULL,	1),
(27757,	'ENGC 499  01',	'Ind St :Poetic  Line  In  Free Verse Poetr ',	143,	NULL,	43,	NULL,	NULL,	1),
(27759,	'BIOL 499  02',	'Ind St :Bearded  Seal  Locomotor  Muscle ',	102,	NULL,	41,	NULL,	NULL,	1),
(27760,	'ANTH 365  01   W',	'Anthropological  Theory -WII',	87,	NULL,	42,	NULL,	NULL,	8),
(27761,	'ANTH 497  01   W',	'Advanced  Research -WII',	84,	NULL,	42,	NULL,	NULL,	8),
(27762,	'BIOL 300  01   W',	'Compar  Animal  Behavior -WII',	110,	NULL,	42,	NULL,	NULL,	2),
(27763,	'BIOL 310  01   W',	'Developmental  Biology -WII',	96,	NULL,	42,	NULL,	NULL,	9),
(27764,	'BUSI 320  01   W',	'Taxation  for Individuals -WII',	113,	NULL,	42,	NULL,	NULL,	20),
(27765,	'CHEM 310  01   W',	'Quantum  Mech  ',	119,	NULL,	42,	NULL,	NULL,	13),
(27766,	'CSCI 410  01   W',	'Senior  Seminar -WII',	134,	NULL,	42,	NULL,	NULL,	9),
(27767,	'ECON 340  01   W',	'Environmental  Economics -WII',	139,	NULL,	42,	NULL,	NULL,	14),
(27768,	'ECON 385  01   W',	'Labor  Economics -WII',	140,	NULL,	42,	NULL,	NULL,	23),
(27769,	'ENGL 454  01   W',	'Topics : Lawrence  ',	151,	NULL,	42,	NULL,	NULL,	8),
(27770,	'EVST 310  01   W',	'Environmental  Studies  Colloqu -WII',	105,	NULL,	42,	NULL,	NULL,	8),
(27772,	'EVST 497  01   W',	'Environ  Studies : Senior  Sem -WII',	104,	NULL,	42,	NULL,	NULL,	9),
(27773,	'EVST 497  99   W',	'EVST Senior  Seminar -WII',	118,	NULL,	42,	NULL,	NULL,	1),
(27776,	'HESC 265  01   W',	'Nutrition  WII',	162,	NULL,	42,	NULL,	NULL,	26),
(27777,	'MATH 320  01   W',	'Algebra -WII',	189,	NULL,	42,	NULL,	NULL,	12),
(27779,	'PHIL 306  01   W',	'Nineteenth  Century  Philosophy -WII',	181,	NULL,	42,	NULL,	NULL,	4),
(27780,	'PHIL 487  01   W',	'Senior  Major  Seminar -WII',	219,	NULL,	42,	NULL,	NULL,	4),
(27781,	'POLI 250  01   W',	'History  of the International -WII',	223,	NULL,	42,	NULL,	NULL,	9),
(27782,	'POLI 497  01   W',	'Senior  Research  Seminar -WII',	183,	NULL,	42,	NULL,	NULL,	14),
(27783,	'PSYC 295  01   W',	'Research  Methods -WII',	232,	NULL,	42,	NULL,	NULL,	11),
(27784,	'RELI 497  01   W',	'Senior  Thesis -WII',	221,	NULL,	42,	NULL,	NULL,	4),
(27785,	'SOCI 497  01   W',	'Sociology : Adv  Research /Pract -WII',	84,	NULL,	42,	NULL,	NULL,	4),
(27786,	'SPAN 210  01   W',	'Conversation  and Composition -WII',	236,	NULL,	42,	NULL,	NULL,	6),
(27787,	'SPAN 210  02   W',	'Conversation  and Composition -WII',	236,	NULL,	42,	NULL,	NULL,	8),
(27788,	'SPAN 210  03   W',	'Conversation  and Composition -WII',	176,	NULL,	42,	NULL,	NULL,	8),
(27789,	'SPAN 370  01   W',	'Love  in Modern  Short  Story  WII',	176,	NULL,	42,	NULL,	NULL,	17),
(27790,	'SPAN 410  01   W',	'Latin  American  Short  Story -WII',	178,	NULL,	42,	NULL,	NULL,	16),
(27791,	'FREN 498  01',	'Intern :Foreign  Language  Pedagogy ',	157,	NULL,	43,	NULL,	NULL,	1),
(27792,	'HESC 496  07',	'Intern :Conway  Human  Dev  Center ',	106,	NULL,	43,	NULL,	NULL,	1),
(27793,	'SJSA 498  02',	'Intern :Level  2 Spanish  Teaching ',	84,	NULL,	43,	NULL,	NULL,	1),
(27795,	'BIOL 499  03',	'Ind St :Thyroid  Cancer  Research ',	99,	NULL,	41,	NULL,	NULL,	1),
(27800,	'GERM 215  01',	'Language  Immersion  in Germany ',	160,	NULL,	43,	NULL,	NULL,	8),
(27801,	'GERM 315  01',	'Cultural  Immersion  in Germany ',	160,	NULL,	43,	NULL,	NULL,	8),
(27803,	'BCMB 498  03',	'Ind St :Effects  of SS on CRC',	98,	NULL,	41,	NULL,	NULL,	1),
(27805,	'MUSI 280  F1',	'Topics : The  Beatles ',	192,	NULL,	44,	NULL,	NULL,	11),
(27806,	'BCMB 498  04',	'Ind St :RNAi  and DNA Repair ',	98,	NULL,	41,	NULL,	NULL,	1),
(27807,	'HESC 495  16',	'Intern :Holistic  Healing ',	99,	NULL,	43,	NULL,	NULL,	1),
(27808,	'BIOL 100  99',	'Ind St :Concepts :Marine Mammals ',	102,	NULL,	46,	NULL,	NULL,	1),
(27813,	'ROEH 102  01',	'Roehampton ',	109,	NULL,	43,	NULL,	NULL,	4),
(27815,	'BCMB 498  05',	'Ind St :DNA Ligase  and Repair ',	98,	NULL,	41,	NULL,	NULL,	1),
(27816,	'BCMB 498  06',	'Ind St :Drug  Toxicity  Studies ',	100,	NULL,	41,	NULL,	NULL,	1),
(27819,	'HESC 497  99',	'Ind St :Senior  Seminar ',	107,	NULL,	43,	NULL,	NULL,	1),
(27820,	'BCMB 498  07',	'Ind St :Exosome  Isolation ',	96,	NULL,	41,	NULL,	NULL,	1),
(27821,	'POLI 385  01',	'Leadership  in Washington  DC',	183,	NULL,	43,	NULL,	NULL,	1),
(27822,	'POLI 387  01',	'Special  Topics  in American  Studies ',	183,	NULL,	43,	NULL,	NULL,	1);

CREATE TABLE `Learning Domains` (
  `Domain_ID` int(11) NOT NULL AUTO_INCREMENT,
  `Name` text,
  `Abbr` varchar(4) NOT NULL,
  `Active` bit(1) NOT NULL,
  PRIMARY KEY (`Domain_ID`)
) ENGINE=InnoDB AUTO_INCREMENT=59 DEFAULT CHARSET=latin1;

INSERT INTO `Learning Domains` (`Domain_ID`, `Name`, `Abbr`, `Active`) VALUES
(1,	'Testing Domain',	'TD',	CONV('1', 2, 10) + 0),
(39,	'Social and Behavioral Analysis',	'SB',	CONV('1', 2, 10) + 0),
(40,	'Historical Perspectives',	'HP',	CONV('1', 2, 10) + 0),
(41,	'Undergraduate Research',	'UR',	CONV('0', 2, 10) + 0),
(42,	'Writing Level 2',	'W2',	CONV('0', 2, 10) + 0),
(43,	NULL,	'',	CONV('0', 2, 10) + 0),
(44,	'Expressive Arts',	'EA',	CONV('1', 2, 10) + 0),
(45,	'Literary Studies',	'LS',	CONV('1', 2, 10) + 0),
(46,	'Natural Science Inquiry ',	'NS',	CONV('1', 2, 10) + 0),
(47,	'Values, Beliefs and Ethics',	'VA',	CONV('1', 2, 10) + 0),
(48,	'Foreign Language',	'FL',	CONV('0', 2, 10) + 0),
(49,	'Physical Activity ',	'PA',	CONV('0', 2, 10) + 0),
(50,	'Writing Level 1',	'W1',	CONV('0', 2, 10) + 0),
(51,	'Artistic Creativity',	'AC',	CONV('0', 2, 10) + 0),
(52,	'Global Awareness',	'GA',	CONV('0', 2, 10) + 0),
(53,	'Professional and Leadership Development',	'PL',	CONV('0', 2, 10) + 0),
(54,	'Service to the World',	'SW',	CONV('0', 2, 10) + 0),
(55,	'Special Projects',	'SP',	CONV('0', 2, 10) + 0),
(56,	'Natural Science Inquiry with Lab',	'NS-L',	CONV('1', 2, 10) + 0),
(57,	NULL,	'QS',	CONV('1', 2, 10) + 0),
(58,	NULL,	'LA',	CONV('1', 2, 10) + 0);

CREATE TABLE `Questions` (
  `Question_ID` int(11) NOT NULL AUTO_INCREMENT,
  `Domain_ID` int(11) NOT NULL,
  `Text` text NOT NULL,
  `Active` bit(1) NOT NULL,
  PRIMARY KEY (`Question_ID`),
  KEY `Domain_ID` (`Domain_ID`),
  CONSTRAINT `Questions_ibfk_2` FOREIGN KEY (`Domain_ID`) REFERENCES `Learning Domains` (`Domain_ID`) ON UPDATE CASCADE
) ENGINE=InnoDB AUTO_INCREMENT=103 DEFAULT CHARSET=latin1;

INSERT INTO `Questions` (`Question_ID`, `Domain_ID`, `Text`, `Active`) VALUES
(1,	39,	'Begin to understand human and social behavior through the use of appropriate disciplinary techniques.',	CONV('1', 2, 10) + 0),
(2,	39,	'Use their understanding of human behavior and relationships to discuss policy and/or other interventions.',	CONV('1', 2, 10) + 0),
(3,	39,	'Grasp how human experience is shaped by the social and institutional landscape',	CONV('1', 2, 10) + 0),
(4,	40,	'Understand some of the diverse ways in which human beings in different cultures and societies have responded to temporal change.',	CONV('1', 2, 10) + 0),
(5,	40,	'Examine contemporary issues from a historical perspective.',	CONV('1', 2, 10) + 0),
(6,	40,	'Use historical perspective to gain insight into their own convictions and actions.',	CONV('1', 2, 10) + 0),
(7,	44,	'Understand and respond to works of art in an informed manner',	CONV('1', 2, 10) + 0),
(8,	44,	'Recognize the manner in which artistic content communicates ideas and feelings',	CONV('1', 2, 10) + 0),
(9,	44,	'Comprehend the formal processes which go into the creation of selected works of art',	CONV('1', 2, 10) + 0),
(10,	45,	'Engage in the practice of written and oral expression.',	CONV('1', 2, 10) + 0),
(11,	45,	'Read a text critically to determine what meanings it holds, how and why those meanings are produced, and the effects of these choices.',	CONV('1', 2, 10) + 0),
(12,	45,	'Examine how literary works provide insight into the human experience.',	CONV('1', 2, 10) + 0),
(13,	46,	'Understand and apply the scientific and mathematical principles of their discipline.',	CONV('1', 2, 10) + 0),
(14,	46,	'Understand the distinction between science and dogma.',	CONV('1', 2, 10) + 0),
(15,	46,	'Use basic scientific principles to place information in a larger context.',	CONV('1', 2, 10) + 0),
(16,	46,	'Understand how science does and does not work.',	CONV('1', 2, 10) + 0),
(17,	47,	'Articulate an understanding of different value and belief systems that follow upon critical exploration of those systems',	CONV('1', 2, 10) + 0),
(18,	47,	'Express the commonalities discovered in value and belief systems across historical, philosophical, religious, and/or cultural boundaries.',	CONV('1', 2, 10) + 0),
(19,	47,	'Demonstrate familiarity with ways of making reasoned value judgments',	CONV('1', 2, 10) + 0),
(20,	56,	'Use the scientific method to gather, interpret and evaluate data.',	CONV('1', 2, 10) + 0),
(21,	56,	'Employ tools to assess the validity of observations related to the natural world.',	CONV('1', 2, 10) + 0),
(22,	56,	'Join scientific principles with critical analysis in a manner that is appropriate to the discipline.',	CONV('1', 2, 10) + 0),
(23,	56,	'Relate their analysis and conclusions to those of the larger scientific community.',	CONV('1', 2, 10) + 0),
(100,	1,	'Please answer this question',	CONV('1', 2, 10) + 0),
(101,	1,	'Answer this question too',	CONV('1', 2, 10) + 0),
(102,	1,	'And this final question',	CONV('1', 2, 10) + 0);

CREATE TABLE `Responses` (
  `Response_ID` int(11) NOT NULL AUTO_INCREMENT,
  `Submission_ID` int(11) NOT NULL,
  `Question_ID` int(11) NOT NULL,
  `STR` smallint(6) NOT NULL,
  `SAT` smallint(6) NOT NULL,
  `NG` smallint(6) NOT NULL,
  `UNSAT` smallint(6) NOT NULL,
  `NA` smallint(6) NOT NULL,
  PRIMARY KEY (`Response_ID`),
  KEY `Submission_ID` (`Submission_ID`),
  KEY `Question_ID` (`Question_ID`),
  CONSTRAINT `Responses_ibfk_3` FOREIGN KEY (`Submission_ID`) REFERENCES `Submissions` (`Submission_ID`) ON DELETE CASCADE ON UPDATE CASCADE,
  CONSTRAINT `Responses_ibfk_4` FOREIGN KEY (`Question_ID`) REFERENCES `Questions` (`Question_ID`) ON DELETE CASCADE ON UPDATE CASCADE
) ENGINE=InnoDB AUTO_INCREMENT=5 DEFAULT CHARSET=latin1;

INSERT INTO `Responses` (`Response_ID`, `Submission_ID`, `Question_ID`, `STR`, `SAT`, `NG`, `UNSAT`, `NA`) VALUES
(1,	1,	100,	7,	2,	2,	2,	2),
(2,	1,	101,	5,	4,	1,	0,	0),
(3,	1,	102,	3,	2,	1,	2,	2),
(4,	2,	100,	5,	5,	0,	0,	0);

CREATE TABLE `Submissions` (
  `Submission_ID` int(11) NOT NULL AUTO_INCREMENT,
  `Teacher_ID` int(11) NOT NULL,
  `Class_ID` int(11) NOT NULL,
  `Timestamp` datetime NOT NULL ON UPDATE CURRENT_TIMESTAMP,
  `IP` bigint(20) NOT NULL,
  `Grades` bit(1) NOT NULL,
  `Papers` bit(1) NOT NULL,
  `Presentations` bit(1) NOT NULL,
  `Exams` bit(1) NOT NULL,
  `Other` text NOT NULL,
  PRIMARY KEY (`Submission_ID`),
  KEY `Teacher_ID` (`Teacher_ID`),
  KEY `Class_ID` (`Class_ID`),
  CONSTRAINT `Submissions_ibfk_4` FOREIGN KEY (`Class_ID`) REFERENCES `Classes` (`Class_ID`) ON UPDATE CASCADE,
  CONSTRAINT `Submissions_ibfk_5` FOREIGN KEY (`Teacher_ID`) REFERENCES `Teachers` (`Teacher_ID`)
) ENGINE=InnoDB AUTO_INCREMENT=3 DEFAULT CHARSET=latin1;

INSERT INTO `Submissions` (`Submission_ID`, `Teacher_ID`, `Class_ID`, `Timestamp`, `IP`, `Grades`, `Papers`, `Presentations`, `Exams`, `Other`) VALUES
(1,	1,	1,	'2019-12-07 03:32:39',	1,	CONV('0', 2, 10) + 0,	CONV('0', 2, 10) + 0,	CONV('0', 2, 10) + 0,	CONV('0', 2, 10) + 0,	''),
(2,	1,	1,	'2019-12-07 03:40:48',	1,	CONV('0', 2, 10) + 0,	CONV('0', 2, 10) + 0,	CONV('0', 2, 10) + 0,	CONV('0', 2, 10) + 0,	'');

CREATE TABLE `Teachers` (
  `Teacher_ID` int(11) NOT NULL AUTO_INCREMENT,
  `Name` text NOT NULL,
  `AAD_KEY` text,
  PRIMARY KEY (`Teacher_ID`),
  KEY `Teacher_ID` (`Teacher_ID`)
) ENGINE=InnoDB AUTO_INCREMENT=243 DEFAULT CHARSET=latin1;

INSERT INTO `Teachers` (`Teacher_ID`, `Name`, `AAD_KEY`) VALUES
(1,	'Nova Marques',	NULL),
(84,	'Anne Goldberg',	NULL),
(85,	'Stacey Schwartzkopf',	NULL),
(86,	'Alexandra Veselka-Bush',	NULL),
(87,	'Brett Hill',	NULL),
(88,	'Sydney Yeager',	NULL),
(89,	'Rod Miller',	NULL),
(90,	'Matthew Lopas',	NULL),
(91,	'Melissa Gill',	NULL),
(92,	'Erik Maakestad',	NULL),
(93,	'Andy Huss',	NULL),
(94,	'Maxine Payne',	NULL),
(95,	'Heidi Dahlmann',	NULL),
(96,	'Rick Murray',	NULL),
(97,	'Andres Caro',	NULL),
(98,	'Andrew Schurko',	NULL),
(99,	'Laura MacDonald',	NULL),
(100,	'Andrea Duina',	NULL),
(101,	'George Harper',	NULL),
(102,	'Jenn Dearolf',	NULL),
(103,	'Rachel Rein',	NULL),
(104,	'Adam Schneider',	NULL),
(105,	'Matt Moran',	NULL),
(106,	'Maureen McClung',	NULL),
(107,	'J.D. Gantz',	NULL),
(108,	'Aeden Custer',	NULL),
(109,	'TBD Staff',	NULL),
(110,	'Jennifer Penner',	NULL),
(111,	'Mark Sutherland',	NULL),
(112,	'Gina Bergfeld',	NULL),
(113,	'Laura Hanlon',	NULL),
(114,	'Hillary Looney',	NULL),
(115,	'Lyle Rupert',	NULL),
(116,	'Tom Hardin',	NULL),
(117,	'Bill Gunderson',	NULL),
(118,	'Courtney Hatch',	NULL),
(119,	'Peter Kett',	NULL),
(120,	'Quirin Stoeckl',	NULL),
(121,	'Shelly Bradley',	NULL),
(122,	'Linda Desrochers',	NULL),
(123,	'Liz Gron',	NULL),
(124,	'Caitlin Scott',	NULL),
(125,	'Kevin Schoelz',	NULL),
(126,	'Julie Gunderson',	NULL),
(127,	'Damon Spayde',	NULL),
(128,	'Wenjia Liu',	NULL),
(129,	'Chin-Ni Hsiao',	NULL),
(130,	'Rebecca Resinski',	NULL),
(131,	'Peg Falls-Corbitt',	NULL),
(132,	'Stan Rauh',	NULL),
(133,	'Martin Shedd',	NULL),
(134,	'Brent Yorgey',	NULL),
(135,	'Lars Seme',	NULL),
(136,	'Mark Goadrich',	NULL),
(137,	'Gabe Ferrer',	NULL),
(138,	'Brigitte Rogers',	NULL),
(139,	'William Haden Chomphosy',	NULL),
(140,	'Megan Leonard',	NULL),
(141,	'Ralph Scott',	NULL),
(142,	'Tyrone Jaeger',	NULL),
(143,	'Erin Hoover',	NULL),
(144,	'Hope Coulter',	NULL),
(145,	'Kristi McKim',	NULL),
(146,	'Felipe Pruneda Senties',	NULL),
(147,	'Nora Stone',	NULL),
(148,	'Joshua Glick',	NULL),
(149,	'Marjorie Swann',	NULL),
(150,	'Randy Peterson',	NULL),
(151,	'Dorian Stuber',	NULL),
(152,	'Angie Macri',	NULL),
(153,	'Giffen Maupin',	NULL),
(154,	'Toni Jaudon',	NULL),
(155,	'Carol West',	NULL),
(156,	'Alex Vernon',	NULL),
(157,	'Severine Cottrant-Estell',	NULL),
(158,	'Cathy Jellenik',	NULL),
(159,	'Hanne Pardos Limbeck',	NULL),
(160,	'Wayne Oudekerk',	NULL),
(161,	'Laura Boyd',	NULL),
(162,	'Adam Corken',	NULL),
(163,	'Allison Shutt',	NULL),
(164,	'Deborah Skok',	NULL),
(165,	'Sasha Pfau',	NULL),
(166,	'Michael Sprunger',	NULL),
(167,	'Todd Berryman',	NULL),
(168,	'Thomas DeBlack',	NULL),
(169,	'Gwen Stockwell',	NULL),
(170,	'Britt Anne Murphy',	NULL),
(171,	'Chris Camfield',	NULL),
(172,	'Kim Maslin',	NULL),
(173,	'Thad McCracken',	NULL),
(174,	'Robert Williamson',	NULL),
(175,	'Todd Tinsley',	NULL),
(176,	'Gabby Vidal-Torreira',	NULL),
(177,	'Carol Ann Downes',	NULL),
(178,	'Jos Vilahomat',	NULL),
(179,	'Fred Ablondi',	NULL),
(180,	'Ann Wright',	NULL),
(181,	'Lawrence Schmidt',	NULL),
(182,	'Jay Barth',	NULL),
(183,	'Peter Gess',	NULL),
(184,	'Ann Muse',	NULL),
(185,	'Terri Bonebright',	NULL),
(186,	'Michael Miyawaki',	NULL),
(187,	'Lilian Contreras-Silva',	NULL),
(188,	'Keely Grossnickle',	NULL),
(189,	'David Sutherland',	NULL),
(190,	'Gretchen Renshaw James',	NULL),
(191,	'Barry McVinney',	NULL),
(192,	'Andrew Morgan',	NULL),
(193,	'Geoffrey Robson',	NULL),
(194,	'Terrie Shires',	NULL),
(195,	'Stephen James',	NULL),
(196,	'Timothy Allen',	NULL),
(197,	'Norman Boehm',	NULL),
(198,	'John Krebs',	NULL),
(199,	'Evan Barr',	NULL),
(200,	'Stephen Feldman',	NULL),
(201,	'Magdalena Ryszkowski',	NULL),
(202,	'Alisa Coffey',	NULL),
(203,	'Linda Austin',	NULL),
(204,	'John Garst',	NULL),
(205,	'Sarah Stankiewicz',	NULL),
(206,	'Alicia Williams',	NULL),
(207,	'Lorraine Duso',	NULL),
(208,	'Sara Taylor',	NULL),
(209,	'Tony Marleneanu',	NULL),
(210,	'Jennifer McCracken',	NULL),
(211,	'Katie Hepner',	NULL),
(212,	'Tiffeny Crow',	NULL),
(213,	'Kimberly Porter',	NULL),
(214,	'Renee Rader',	NULL),
(215,	'Debra Strack',	NULL),
(216,	'Debbra Parks',	NULL),
(217,	'Kelly Trimble',	NULL),
(218,	'Harold Henderson',	NULL),
(219,	'James Dow',	NULL),
(220,	'Chris Campolo',	NULL),
(221,	'John Sanders',	NULL),
(222,	'Delphia Shanks-Booth',	NULL),
(223,	'Daniel Whelan',	NULL),
(224,	'Kiril Kolev',	NULL),
(225,	'Tim Maxwell',	NULL),
(226,	'David Hawkins',	NULL),
(227,	'Carmen Merrick',	NULL),
(228,	'Kaye Ramsey',	NULL),
(229,	'Leslie Zorwick',	NULL),
(230,	'Leslie Templeton',	NULL),
(231,	'Jennifer Peszka',	NULL),
(232,	'Lindsay Kennedy',	NULL),
(233,	'Mark Perry',	NULL),
(234,	'Bill Gorvine',	NULL),
(235,	'Kate Alexander',	NULL),
(236,	'Irmina Fabricio',	NULL),
(237,	'Marisol Ferrer',	NULL),
(238,	'Cori French',	NULL),
(239,	'Antonio Horne',	NULL),
(240,	'Brandon Smith',	NULL),
(241,	'Holly Payne',	NULL),
(242,	'Andrew Vaught',	NULL);

-- 2019-12-08 23:09:36
